date,state,confidence,horizon,atrPct,atrPercentile,volatilityMultiple,volatilityMultiplePercentile,remainingMomentumPct,remainingMomentumAtr,atrChangePct,atrDirection,futureVolatilityMultiple,futureRemainingMomentumAtr,futureRemainingMomentumPositive,multipleChange
2026-01-01,常态波动,0.7524,1,2.9594,25.39,0.8936,50.14,-0.3148,-0.1064,-3.7847,down,0.6977,-0.3023,0,-0.1959
2026-01-01,常态波动,0.7524,3,2.9594,25.39,0.8936,50.14,-0.3148,-0.1064,-5.5962,down,1.2463,0.2463,1,0.3527
2026-01-01,常态波动,0.7524,5,2.9594,25.39,0.8936,50.14,-0.3148,-0.1064,-8.9717,down,1.1675,0.1675,1,0.2739
2026-01-01,常态波动,0.7524,10,2.9594,25.39,0.8936,50.14,-0.3148,-0.1064,-13.0644,down,1.0401,0.0401,1,0.1465
2026-01-02,波动压缩,0.2658,1,2.8474,21.7,0.6977,29.69,-0.8607,-0.3023,-2.2811,down,0.7793,-0.2207,0,0.0816
2026-01-02,波动压缩,0.2658,3,2.8474,21.7,0.6977,29.69,-0.8607,-0.3023,-6.9124,down,0.6792,-0.3208,0,-0.0186
2026-01-02,波动压缩,0.2658,5,2.8474,21.7,0.6977,29.69,-0.8607,-0.3023,-3.1239,down,0.9832,-0.0168,0,0.2855
2026-01-02,波动压缩,0.2658,10,2.8474,21.7,0.6977,29.69,-0.8607,-0.3023,-9.8855,down,1.0785,0.0785,1,0.3808
2026-01-03,波动压缩,0.1882,1,2.7825,18.99,0.7793,37.84,-0.6141,-0.2207,0.4077,up,1.2463,0.2463,1,0.467
2026-01-03,波动压缩,0.1882,3,2.7825,18.99,0.7793,37.84,-0.6141,-0.2207,-3.1825,down,1.1675,0.1675,1,0.3882
2026-01-03,波动压缩,0.1882,5,2.7825,18.99,0.7793,37.84,-0.6141,-0.2207,-0.7717,down,0.9311,-0.0689,0,0.1518
2026-01-03,波动压缩,0.1882,10,2.7825,18.99,0.7793,37.84,-0.6141,-0.2207,-4.8991,down,1.6351,0.6351,1,0.8558
2026-01-04,波动启动,0.4042,1,2.7938,19.26,1.2463,77.09,0.6881,0.2463,-5.1262,down,0.6792,-0.3208,0,-0.5672
2026-01-04,波动启动,0.4042,3,2.7938,19.26,1.2463,77.09,0.6881,0.2463,-1.265,down,0.9832,-0.0168,0,-0.2631
2026-01-04,波动启动,0.4042,5,2.7938,19.26,1.2463,77.09,0.6881,0.2463,-3.9061,down,0.6898,-0.3102,0,-0.5565
2026-01-04,波动启动,0.4042,10,2.7938,19.26,1.2463,77.09,0.6881,0.2463,-8.3753,down,1.0179,0.0179,1,-0.2285
2026-01-05,波动压缩,0.4022,1,2.6506,14.92,0.6792,26.92,-0.8504,-0.3208,1.6343,up,1.1675,0.1675,1,0.4883
2026-01-05,波动压缩,0.4022,3,2.6506,14.92,0.6792,26.92,-0.8504,-0.3208,4.165,up,0.9311,-0.0689,0,0.252
2026-01-05,波动压缩,0.4022,5,2.6506,14.92,0.6792,26.92,-0.8504,-0.3208,-3.0014,down,0.3467,-0.6533,0,-0.3324
2026-01-05,波动压缩,0.4022,10,2.6506,14.92,0.6792,26.92,-0.8504,-0.3208,-2.5896,down,1.1095,0.1095,1,0.4304
2026-01-06,波动启动,0.3643,1,2.6939,16.16,1.1675,72.63,0.4512,0.1675,2.3963,up,0.9832,-0.0168,0,-0.1843
2026-01-06,波动启动,0.3643,3,2.6939,16.16,1.1675,72.63,0.4512,0.1675,-0.3427,down,0.6898,-0.3102,0,-0.4777
2026-01-06,波动启动,0.3643,5,2.6939,16.16,1.1675,72.63,0.4512,0.1675,-4.496,down,1.0401,0.0401,1,-0.1274
2026-01-06,波动启动,0.3643,10,2.6939,16.16,1.1675,72.63,0.4512,0.1675,-5.772,down,0.479,-0.521,0,-0.6885
2026-01-07,波动启动,0.1025,1,2.7585,18.34,0.9832,58.38,-0.0464,-0.0168,0.0916,up,0.9311,-0.0689,0,-0.052
2026-01-07,波动启动,0.1025,3,2.7585,18.34,0.9832,58.38,-0.0464,-0.0168,-6.7946,down,0.3467,-0.6533,0,-0.6364
2026-01-07,波动启动,0.1025,5,2.7585,18.34,0.9832,58.38,-0.0464,-0.0168,-6.9796,down,1.0785,0.0785,1,0.0953
2026-01-07,波动启动,0.1025,10,2.7585,18.34,0.9832,58.38,-0.0464,-0.0168,-13.5472,down,0.3029,-0.6971,0,-0.6803
2026-01-08,常态波动,0.6402,1,2.761,18.42,0.9311,54.4,-0.1901,-0.0689,-2.7639,down,0.6898,-0.3102,0,-0.2414
2026-01-08,常态波动,0.6402,3,2.761,18.42,0.9311,54.4,-0.1901,-0.0689,-6.8163,down,1.0401,0.0401,1,0.109
2026-01-08,常态波动,0.6402,5,2.761,18.42,0.9311,54.4,-0.1901,-0.0689,-4.1595,down,1.6351,0.6351,1,0.704
2026-01-08,常态波动,0.6402,10,2.761,18.42,0.9311,54.4,-0.1901,-0.0689,-9.4052,down,1.5468,0.5468,1,0.6157
2026-01-09,波动压缩,0.3677,1,2.6847,15.73,0.6898,28.54,-0.8328,-0.3102,-4.2329,down,0.3467,-0.6533,0,-0.343
2026-01-09,波动压缩,0.3677,3,2.6847,15.73,0.6898,28.54,-0.8328,-0.3102,-4.423,down,1.0785,0.0785,1,0.3887
2026-01-09,波动压缩,0.3677,5,2.6847,15.73,0.6898,28.54,-0.8328,-0.3102,-4.6509,down,1.0179,0.0179,1,0.3281
2026-01-09,波动压缩,0.3677,10,2.6847,15.73,0.6898,28.54,-0.8328,-0.3102,-1.3877,down,1.446,0.446,1,0.7562
2026-01-10,波动压缩,0.7749,1,2.571,12.85,0.3467,2.91,-1.6795,-0.6533,0.0682,up,1.0401,0.0401,1,0.6934
2026-01-10,波动压缩,0.7749,3,2.571,12.85,0.3467,2.91,-1.6795,-0.6533,2.9214,up,1.6351,0.6351,1,1.2884
2026-01-10,波动压缩,0.7749,5,2.571,12.85,0.3467,2.91,-1.6795,-0.6533,0.4245,up,1.1095,0.1095,1,0.7628
2026-01-10,波动压缩,0.7749,10,2.571,12.85,0.3467,2.91,-1.6795,-0.6533,7.9471,up,1.2744,0.2744,1,0.9277
2026-01-11,波动启动,0.2512,1,2.5728,12.93,1.0401,63.69,0.1032,0.0401,-0.2665,down,1.0785,0.0785,1,0.0384
2026-01-11,波动启动,0.2512,3,2.5728,12.93,1.0401,63.69,0.1032,0.0401,-0.5043,down,1.0179,0.0179,1,-0.0223
2026-01-11,波动启动,0.2512,5,2.5728,12.93,1.0401,63.69,0.1032,0.0401,-1.3361,down,0.479,-0.521,0,-0.5611
2026-01-11,波动启动,0.2512,10,2.5728,12.93,1.0401,63.69,0.1032,0.0401,10.5562,up,1.2579,0.2579,1,0.2178
2026-01-12,波动启动,0.2943,1,2.5659,12.82,1.0785,66.21,0.2014,0.0785,3.1261,up,1.6351,0.6351,1,0.5566
2026-01-12,波动启动,0.2943,3,2.5659,12.82,1.0785,66.21,0.2014,0.0785,0.6243,up,1.1095,0.1095,1,0.031
2026-01-12,波动启动,0.2943,5,2.5659,12.82,1.0785,66.21,0.2014,0.0785,-7.0603,down,0.3029,-0.6971,0,-0.7756
2026-01-12,波动启动,0.2943,10,2.5659,12.82,1.0785,66.21,0.2014,0.0785,9.2274,up,0.6179,-0.3821,0,-0.4606
2026-01-13,波动启动,0.6738,1,2.6461,15,1.6351,90.43,1.6806,0.6351,-3.2625,down,1.0179,0.0179,1,-0.6173
2026-01-13,波动启动,0.6738,3,2.6461,15,1.6351,90.43,1.6806,0.6351,-4.0712,down,0.479,-0.521,0,-1.1561
2026-01-13,波动启动,0.6738,5,2.6461,15,1.6351,90.43,1.6806,0.6351,-5.4733,down,1.5468,0.5468,1,-0.0883
2026-01-13,波动启动,0.6738,10,2.6461,15,1.6351,90.43,1.6806,0.6351,3.7538,up,0.8397,-0.1603,0,-0.7955
2026-01-14,波动启动,0.2243,1,2.5598,12.51,1.0179,61.8,0.0457,0.0179,0.8647,up,1.1095,0.1095,1,0.0917
2026-01-14,波动启动,0.2243,3,2.5598,12.51,1.0179,61.8,0.0457,0.0179,-6.8383,down,0.3029,-0.6971,0,-0.7149
2026-01-14,波动启动,0.2243,5,2.5598,12.51,1.0179,61.8,0.0457,0.0179,3.4223,up,1.446,0.446,1,0.4281
2026-01-14,波动启动,0.2243,10,2.5598,12.51,1.0179,61.8,0.0457,0.0179,4.4538,up,0.5822,-0.4178,0,-0.4357
2026-01-15,波动启动,0.3317,1,2.5819,13.17,1.1095,68.68,0.2828,0.1095,-1.6862,down,0.479,-0.521,0,-0.6306
2026-01-15,波动启动,0.3317,3,2.5819,13.17,1.1095,68.68,0.2828,0.1095,-3.1232,down,1.5468,0.5468,1,0.4373
2026-01-15,波动启动,0.3317,5,2.5819,13.17,1.1095,68.68,0.2828,0.1095,7.4908,up,1.2744,0.2744,1,0.1649
2026-01-15,波动启动,0.3317,10,2.5819,13.17,1.1095,68.68,0.2828,0.1095,5.9125,up,1.1706,0.1706,1,0.061
2026-01-16,波动压缩,0.6866,1,2.5384,11.92,0.479,10.02,-1.3225,-0.521,-6.0529,down,0.3029,-0.6971,0,-0.1761
2026-01-16,波动压缩,0.6866,3,2.5384,11.92,0.479,10.02,-1.3225,-0.521,4.2942,up,1.446,0.446,1,0.967
2026-01-16,波动压缩,0.6866,5,2.5384,11.92,0.479,10.02,-1.3225,-0.521,12.0534,up,1.2579,0.2579,1,0.7789
2026-01-16,波动压缩,0.6866,10,2.5384,11.92,0.479,10.02,-1.3225,-0.521,7.4087,up,0.8398,-0.1602,0,0.3608
2026-01-17,波动压缩,0.8794,1,2.3848,7.07,0.3029,1.38,-1.6624,-0.6971,4.887,up,1.5468,0.5468,1,1.2439
2026-01-17,波动压缩,0.8794,3,2.3848,7.07,0.3029,1.38,-1.6624,-0.6971,16.3785,up,1.2744,0.2744,1,0.9715
2026-01-17,波动压缩,0.8794,5,2.3848,7.07,0.3029,1.38,-1.6624,-0.6971,17.5251,up,0.6179,-0.3821,0,0.315
2026-01-17,波动压缩,0.8794,10,2.3848,7.07,0.3029,1.38,-1.6624,-0.6971,16.6766,up,1.3186,0.3186,1,1.0157
2026-01-18,波动启动,0.6801,1,2.5013,10.95,1.5468,88.1,1.3678,0.5468,5.8412,up,1.446,0.446,1,-0.1009
2026-01-18,波动启动,0.6801,3,2.5013,10.95,1.5468,88.1,1.3678,0.5468,13.7155,up,1.2579,0.2579,1,-0.2889
2026-01-18,波动启动,0.6801,5,2.5013,10.95,1.5468,88.1,1.3678,0.5468,9.7614,up,0.8397,-0.1603,0,-0.7072
2026-01-18,波动启动,0.6801,10,2.5013,10.95,1.5468,88.1,1.3678,0.5468,21.6258,up,2.3033,1.3033,1,0.7565
2026-01-19,波动启动,0.5752,1,2.6474,15.58,1.446,84.9,1.1807,0.446,4.8326,up,1.2744,0.2744,1,-0.1715
2026-01-19,波动启动,0.5752,3,2.6474,15.58,1.446,84.9,1.1807,0.446,5.8654,up,0.6179,-0.3821,0,-0.8281
2026-01-19,波动启动,0.5752,5,2.6474,15.58,1.446,84.9,1.1807,0.446,0.9974,up,0.5822,-0.4178,0,-0.8638
2026-01-19,波动启动,0.5752,10,2.6474,15.58,1.446,84.9,1.1807,0.446,27.2728,up,1.6339,0.6339,1,0.1879
2026-01-20,波动启动,0.4242,1,2.7753,19.82,1.2744,78.67,0.7617,0.2744,2.4869,up,1.2579,0.2579,1,-0.0165
2026-01-20,波动启动,0.4242,3,2.7753,19.82,1.2744,78.67,0.7617,0.2744,-1.0768,down,0.8397,-0.1603,0,-0.4348
2026-01-20,波动启动,0.4242,5,2.7753,19.82,1.2744,78.67,0.7617,0.2744,-1.4683,down,1.1706,0.1706,1,-0.1039
2026-01-20,波动启动,0.4242,10,2.7753,19.82,1.2744,78.67,0.7617,0.2744,27.3978,up,1.3059,0.3059,1,0.0315
2026-01-21,波动启动,0.3743,1,2.8444,22.92,1.2579,77.74,0.7336,0.2579,-1.4653,down,0.6179,-0.3821,0,-0.64
2026-01-21,波动启动,0.3743,3,2.8444,22.92,1.2579,77.74,0.7336,0.2579,-5.9962,down,0.5822,-0.4178,0,-0.6758
2026-01-21,波动启动,0.3743,5,2.8444,22.92,1.2579,77.74,0.7336,0.2579,-4.145,down,0.8398,-0.1602,0,-0.4181
2026-01-21,波动启动,0.3743,10,2.8444,22.92,1.2579,77.74,0.7336,0.2579,37.8704,up,2.0483,1.0483,1,0.7903
2026-01-22,波动压缩,0.3916,1,2.8027,21.1,0.6179,21.48,-1.0709,-0.3821,-2.0418,down,0.8397,-0.1603,0,0.2218
2026-01-22,波动压缩,0.3916,3,2.8027,21.1,0.6179,21.48,-1.0709,-0.3821,-2.4296,down,1.1706,0.1706,1,0.5527
2026-01-22,波动压缩,0.3916,5,2.8027,21.1,0.6179,21.48,-1.0709,-0.3821,-0.722,down,1.3186,0.3186,1,0.7007
2026-01-22,波动压缩,0.3916,10,2.8027,21.1,0.6179,21.48,-1.0709,-0.3821,51.7379,up,1.4407,0.4407,1,0.8229
2026-01-23,波动压缩,0.1051,1,2.7455,18.44,0.8397,44.2,-0.4402,-0.1603,-2.6097,down,0.5822,-0.4178,0,-0.2575
2026-01-23,波动压缩,0.1051,3,2.7455,18.44,0.8397,44.2,-0.4402,-0.1603,-0.6919,down,0.8398,-0.1602,0,0.0002
2026-01-23,波动压缩,0.1051,5,2.7455,18.44,0.8397,44.2,-0.4402,-0.1603,10.8093,up,2.3033,1.3033,1,1.4637
2026-01-23,波动压缩,0.1051,10,2.7455,18.44,0.8397,44.2,-0.4402,-0.1603,48.9405,up,0.6921,-0.3079,0,-0.1475
2026-01-24,波动压缩,0.5126,1,2.6738,16.26,0.5822,17.86,-1.1172,-0.4178,2.2732,up,1.1706,0.1706,1,0.5884
2026-01-24,波动压缩,0.5126,3,2.6738,16.26,0.5822,17.86,-1.1172,-0.4178,4.0632,up,1.3186,0.3186,1,0.7365
2026-01-24,波动压缩,0.5126,5,2.6738,16.26,0.5822,17.86,-1.1172,-0.4178,26.0159,up,1.6339,0.6339,1,1.0517
2026-01-24,波动压缩,0.5126,10,2.6738,16.26,0.5822,17.86,-1.1172,-0.4178,61.0556,up,1.5455,0.5455,1,0.9633
2026-01-25,波动启动,0.3458,1,2.7346,18.13,1.1706,72.83,0.4664,0.1706,-0.2973,down,0.8398,-0.1602,0,-0.3307
2026-01-25,波动启动,0.3458,3,2.7346,18.13,1.1706,72.83,0.4664,0.1706,11.2496,up,2.3033,1.3033,1,1.1328
2026-01-25,波动启动,0.3458,5,2.7346,18.13,1.1706,72.83,0.4664,0.1706,29.2963,up,1.3059,0.3059,1,0.1354
2026-01-25,波动启动,0.3458,10,2.7346,18.13,1.1706,72.83,0.4664,0.1706,80.7335,up,2.0618,1.0618,1,0.8912
2026-01-26,波动压缩,0.1117,1,2.7265,17.92,0.8398,44.26,-0.4367,-0.1602,2.0535,up,1.3186,0.3186,1,0.4788
2026-01-26,波动压缩,0.1117,3,2.7265,17.92,0.8398,44.26,-0.4367,-0.1602,23.5823,up,1.6339,0.6339,1,0.7941
2026-01-26,波动压缩,0.1117,5,2.7265,17.92,0.8398,44.26,-0.4367,-0.1602,43.8324,up,2.0483,1.0483,1,1.2085
2026-01-26,波动压缩,0.1117,10,2.7265,17.92,0.8398,44.26,-0.4367,-0.1602,120.8429,up,2.2781,1.2781,1,1.4383
2026-01-27,波动启动,0.4531,1,2.7825,20.54,1.3186,80.87,0.8865,0.3186,9.3361,up,2.3033,1.3033,1,0.9847
2026-01-27,波动启动,0.4531,3,2.7825,20.54,1.3186,80.87,0.8865,0.3186,27.0724,up,1.3059,0.3059,1,-0.0127
2026-01-27,波动启动,0.4531,5,2.7825,20.54,1.3186,80.87,0.8865,0.3186,52.8414,up,1.4407,0.4407,1,0.1221
2026-01-27,波动启动,0.4531,10,2.7825,20.54,1.3186,80.87,0.8865,0.3186,114.028,up,1.0723,0.0723,1,-0.2463
2026-01-28,波动启动,0.6174,1,3.0422,30.56,2.3033,97.42,3.965,1.3033,10.7554,up,1.6339,0.6339,1,-0.6694
2026-01-28,波动启动,0.6174,3,3.0422,30.56,2.3033,97.42,3.965,1.3033,28.9037,up,2.0483,1.0483,1,-0.255
2026-01-28,波动启动,0.6174,5,3.0422,30.56,2.3033,97.42,3.965,1.3033,34.4116,up,0.6921,-0.3079,0,-1.6112
2026-01-28,波动启动,0.6174,10,3.0422,30.56,2.3033,97.42,3.965,1.3033,90.619,up,0.7536,-0.2464,0,-1.5497
2026-01-29,波动启动,0.3228,1,3.3694,46.39,1.6339,90.29,2.1359,0.6339,4.9356,up,1.3059,0.3059,1,-0.328
2026-01-29,波动启动,0.3228,3,3.3694,46.39,1.6339,90.29,2.1359,0.6339,26.2155,up,1.4407,0.4407,1,-0.1932
2026-01-29,波动启动,0.3228,5,3.3694,46.39,1.6339,90.29,2.1359,0.6339,27.8058,up,1.5455,0.5455,1,-0.0884
2026-01-29,波动启动,0.3228,10,3.3694,46.39,1.6339,90.29,2.1359,0.6339,67.2508,up,1.0042,0.0042,1,-0.6297
2026-01-30,波动启动,0.0755,1,3.5357,53.47,1.3059,80.18,1.0817,0.3059,10.9118,up,2.0483,1.0483,1,0.7423
2026-01-30,波动启动,0.0755,3,3.5357,53.47,1.3059,80.18,1.0817,0.3059,15.6509,up,0.6921,-0.3079,0,-0.6138
2026-01-30,波动启动,0.0755,5,3.5357,53.47,1.3059,80.18,1.0817,0.3059,39.7824,up,2.0618,1.0618,1,0.7559
2026-01-30,波动启动,0.0755,10,3.5357,53.47,1.3059,80.18,1.0817,0.3059,60.8647,up,0.8171,-0.1829,0,-0.4888
2026-01-31,高波动扩张,0.4823,1,3.9215,67.93,2.0483,95.83,4.1108,1.0483,8.4457,up,1.4407,0.4407,1,-0.6075
2026-01-31,高波动扩张,0.4823,3,3.9215,67.93,2.0483,95.83,4.1108,1.0483,9.8121,up,1.5455,0.5455,1,-0.5028
2026-01-31,高波动扩张,0.4823,5,3.9215,67.93,2.0483,95.83,4.1108,1.0483,53.5419,up,2.2781,1.2781,1,0.2298
2026-01-31,高波动扩张,0.4823,10,3.9215,67.93,2.0483,95.83,4.1108,1.0483,46.3485,up,1.066,0.066,1,-0.9823
2026-02-01,高波动扩张,0.4735,1,4.2527,78.53,1.4407,84.61,1.8744,0.4407,-3.8478,down,0.6921,-0.3079,0,-0.7486
2026-02-01,高波动扩张,0.4735,3,4.2527,78.53,1.4407,84.61,1.8744,0.4407,16.2152,up,2.0618,1.0618,1,0.621
2026-02-01,高波动扩张,0.4735,5,4.2527,78.53,1.4407,84.61,1.8744,0.4407,40.0327,up,1.0723,0.0723,1,-0.3684
2026-02-01,高波动扩张,0.4735,10,4.2527,78.53,1.4407,84.61,1.8744,0.4407,36.9659,up,0.6595,-0.3405,0,-0.7813
2026-02-02,高波动冷却,0.2203,1,4.0891,74.25,0.6921,28.83,-1.2589,-0.3079,5.3122,up,1.5455,0.5455,1,0.8534
2026-02-02,高波动冷却,0.2203,3,4.0891,74.25,0.6921,28.83,-1.2589,-0.3079,47.25,up,2.2781,1.2781,1,1.586
2026-02-02,高波动冷却,0.2203,5,4.0891,74.25,0.6921,28.83,-1.2589,-0.3079,41.8173,up,0.7536,-0.2464,0,0.0615
2026-02-02,高波动冷却,0.2203,10,4.0891,74.25,0.6921,28.83,-1.2589,-0.3079,41.9945,up,1.078,0.078,1,0.3858
2026-02-03,高波动扩张,0.5452,1,4.3063,80.25,1.5455,87.91,2.3491,0.5455,14.7691,up,2.0618,1.0618,1,0.5163
2026-02-03,高波动扩张,0.5452,3,4.3063,80.25,1.5455,87.91,2.3491,0.5455,38.2903,up,1.0723,0.0723,1,-0.4732
2026-02-03,高波动扩张,0.5452,5,4.3063,80.25,1.5455,87.91,2.3491,0.5455,30.8633,up,1.0042,0.0042,1,-0.5413
2026-02-03,高波动扩张,0.5452,10,4.3063,80.25,1.5455,87.91,2.3491,0.5455,27.3479,up,0.5474,-0.4526,0,-0.9981
2026-02-04,高波动扩张,0.8374,1,4.9423,92.77,2.0618,95.85,5.2477,1.0618,21.8293,up,2.2781,1.2781,1,0.2163
2026-02-04,高波动扩张,0.8374,3,4.9423,92.77,2.0618,95.85,5.2477,1.0618,17.3345,up,0.7536,-0.2464,0,-1.3082
2026-02-04,高波动扩张,0.8374,5,4.9423,92.77,2.0618,95.85,5.2477,1.0618,15.0822,up,0.8171,-0.1829,0,-1.2447
2026-02-04,高波动扩张,0.8374,10,4.9423,92.77,2.0618,95.85,5.2477,1.0618,5.9875,up,0.6042,-0.3958,0,-1.4575
2026-02-05,高波动扩张,0.9534,1,6.0212,99.49,2.2781,97.25,7.6958,1.2781,-1.0957,down,1.0723,0.0723,1,-1.2058
2026-02-05,高波动扩张,0.9534,3,6.0212,99.49,2.2781,97.25,7.6958,1.2781,-6.4075,down,1.0042,0.0042,1,-1.2739
2026-02-05,高波动扩张,0.9534,5,6.0212,99.49,2.2781,97.25,7.6958,1.2781,-4.685,down,1.066,0.066,1,-1.2121
2026-02-05,高波动扩张,0.9534,10,6.0212,99.49,2.2781,97.25,7.6958,1.2781,-13.509,down,0.7928,-0.2072,0,-1.4853
2026-02-06,高波动扩张,0.4892,1,5.9552,99.3,1.0723,64.94,0.4308,0.0723,-2.6224,down,0.7536,-0.2464,0,-0.3188
2026-02-06,高波动扩张,0.4892,3,5.9552,99.3,1.0723,64.94,0.4308,0.0723,-4.4917,down,0.8171,-0.1829,0,-0.2552
2026-02-06,高波动扩张,0.4892,5,5.9552,99.3,1.0723,64.94,0.4308,0.0723,-2.1901,down,0.6595,-0.3405,0,-0.4129
2026-02-06,高波动扩张,0.4892,10,5.9552,99.3,1.0723,64.94,0.4308,0.0723,-12.1652,down,0.7563,-0.2437,0,-0.316
2026-02-07,高波动冷却,0.4791,1,5.7991,98.37,0.7536,34.84,-1.429,-0.2464,-2.8222,down,1.0042,0.0042,1,0.2507
2026-02-07,高波动冷却,0.4791,3,5.7991,98.37,0.7536,34.84,-1.429,-0.2464,-1.0337,down,1.066,0.066,1,0.3124
2026-02-07,高波动冷却,0.4791,5,5.7991,98.37,0.7536,34.84,-1.429,-0.2464,0.1249,up,1.078,0.078,1,0.3244
2026-02-07,高波动冷却,0.4791,10,5.7991,98.37,0.7536,34.84,-1.429,-0.2464,-12.8538,down,0.5158,-0.4842,0,-0.2378
2026-02-08,高波动扩张,0.3946,1,5.6354,98,1.0042,59.62,0.0239,0.0042,0.9288,up,0.8171,-0.1829,0,-0.1871
2026-02-08,高波动扩张,0.3946,3,5.6354,98,1.0042,59.62,0.0239,0.0042,3.361,up,0.6595,-0.3405,0,-0.3448
2026-02-08,高波动扩张,0.3946,5,5.6354,98,1.0042,59.62,0.0239,0.0042,-2.6862,down,0.5474,-0.4526,0,-0.4569
2026-02-08,高波动扩张,0.3946,10,5.6354,98,1.0042,59.62,0.0239,0.0042,-13.2118,down,0.6308,-0.3692,0,-0.3735
2026-02-09,高波动冷却,0.3792,1,5.6877,98,0.8171,41.46,-1.0402,-0.1829,0.9033,up,1.066,0.066,1,0.2489
2026-02-09,高波动冷却,0.3792,3,5.6877,98,0.8171,41.46,-1.0402,-0.1829,2.0845,up,1.078,0.078,1,0.2608
2026-02-09,高波动冷却,0.3792,5,5.6877,98,0.8171,41.46,-1.0402,-0.1829,-7.9028,down,0.6042,-0.3958,0,-0.2129
2026-02-09,高波动冷却,0.3792,10,5.6877,98,0.8171,41.46,-1.0402,-0.1829,-13.9974,down,0.7476,-0.2524,0,-0.0695
2026-02-10,高波动扩张,0.4646,1,5.7391,98.01,1.066,64.52,0.3786,0.066,1.493,up,0.6595,-0.3405,0,-0.4065
2026-02-10,高波动扩张,0.4646,3,5.7391,98.01,1.066,64.52,0.3786,0.066,-4.4449,down,0.5474,-0.4526,0,-0.5186
2026-02-10,高波动扩张,0.4646,5,5.7391,98.01,1.066,64.52,0.3786,0.066,-9.2577,down,0.7928,-0.2072,0,-0.2731
2026-02-10,高波动扩张,0.4646,10,5.7391,98.01,1.066,64.52,0.3786,0.066,-19.0043,down,0.5595,-0.4405,0,-0.5065
2026-02-11,高波动冷却,0.6333,1,5.8248,98.47,0.6595,24.14,-1.9836,-0.3405,-0.3176,down,1.078,0.078,1,0.4185
2026-02-11,高波动冷却,0.6333,3,5.8248,98.47,0.6595,24.14,-1.9836,-0.3405,-10.0699,down,0.6042,-0.3958,0,-0.0552
2026-02-11,高波动冷却,0.6333,5,5.8248,98.47,0.6595,24.14,-1.9836,-0.3405,-10.1984,down,0.7563,-0.2437,0,0.0969
2026-02-11,高波动冷却,0.6333,10,5.8248,98.47,0.6595,24.14,-1.9836,-0.3405,-24.551,down,0.4544,-0.5456,0,-0.205
2026-02-12,高波动扩张,0.4815,1,5.8063,98.29,1.078,65.42,0.4527,0.078,-5.5506,down,0.5474,-0.4526,0,-0.5306
2026-02-12,高波动扩张,0.4815,3,5.8063,98.29,1.078,65.42,0.4527,0.078,-10.3078,down,0.7928,-0.2072,0,-0.2851
2026-02-12,高波动扩张,0.4815,5,5.8063,98.29,1.078,65.42,0.4527,0.078,-12.9625,down,0.5158,-0.4842,0,-0.5622
2026-02-12,高波动扩张,0.4815,10,5.8063,98.29,1.078,65.42,0.4527,0.078,-22.4056,down,1.1475,0.1475,1,0.0696
2026-02-13,高波动冷却,0.7357,1,5.484,96.72,0.5474,15.22,-2.4821,-0.4526,-4.4815,down,0.6042,-0.3958,0,0.0568
2026-02-13,高波动冷却,0.7357,3,5.484,96.72,0.5474,15.22,-2.4821,-0.4526,-4.618,down,0.7563,-0.2437,0,0.209
2026-02-13,高波动冷却,0.7357,5,5.484,96.72,0.5474,15.22,-2.4821,-0.4526,-10.8161,down,0.6308,-0.3692,0,0.0834
2026-02-13,高波动冷却,0.7357,10,5.484,96.72,0.5474,15.22,-2.4821,-0.4526,-14.7846,down,1.0796,0.0796,1,0.5322
2026-02-14,高波动冷却,0.6541,1,5.2383,95.52,0.6042,19.73,-2.0731,-0.3958,-0.5813,down,0.7928,-0.2072,0,0.1886
2026-02-14,高波动冷却,0.6541,3,5.2383,95.52,0.6042,19.73,-2.0731,-0.3958,-3.5239,down,0.5158,-0.4842,0,-0.0884
2026-02-14,高波动冷却,0.6541,5,5.2383,95.52,0.6042,19.73,-2.0731,-0.3958,-6.6177,down,0.7476,-0.2524,0,0.1433
2026-02-14,高波动冷却,0.6541,10,5.2383,95.52,0.6042,19.73,-2.0731,-0.3958,-6.6521,down,1.2469,0.2469,1,0.6427
2026-02-15,高波动冷却,0.3721,1,5.2078,95.24,0.7928,39.2,-1.0789,-0.2072,0.4409,up,0.7563,-0.2437,0,-0.0365
2026-02-15,高波动冷却,0.3721,3,5.2078,95.24,0.7928,39.2,-1.0789,-0.2072,-6.086,down,0.6308,-0.3692,0,-0.162
2026-02-15,高波动冷却,0.3721,5,5.2078,95.24,0.7928,39.2,-1.0789,-0.2072,-10.7409,down,0.5595,-0.4405,0,-0.2333
2026-02-15,高波动冷却,0.3721,10,5.2078,95.24,0.7928,39.2,-1.0789,-0.2072,-10.4108,down,1.069,0.069,1,0.2761
2026-02-16,高波动冷却,0.4346,1,5.2308,95.43,0.7563,35.01,-1.2745,-0.2437,-3.3859,down,0.5158,-0.4842,0,-0.2405
2026-02-16,高波动冷却,0.4346,3,5.2308,95.43,0.7563,35.01,-1.2745,-0.2437,-6.484,down,0.7476,-0.2524,0,-0.0088
2026-02-16,高波动冷却,0.4346,5,5.2308,95.43,0.7563,35.01,-1.2745,-0.2437,-15.9826,down,0.4544,-0.5456,0,-0.3019
2026-02-16,高波动冷却,0.4346,10,5.2308,95.43,0.7563,35.01,-1.2745,-0.2437,-11.9349,down,0.8295,-0.1705,0,0.0732
2026-02-17,高波动冷却,0.7222,1,5.0537,93.13,0.5158,12.58,-2.447,-0.4842,-3.2214,down,0.6308,-0.3692,0,0.115
2026-02-17,高波动冷却,0.7222,3,5.0537,93.13,0.5158,12.58,-2.447,-0.4842,-8.0184,down,0.5595,-0.4405,0,0.0437
2026-02-17,高波动冷却,0.7222,5,5.0537,93.13,0.5158,12.58,-2.447,-0.4842,-10.8494,down,1.1475,0.1475,1,0.6317
2026-02-17,高波动冷却,0.7222,10,5.0537,93.13,0.5158,12.58,-2.447,-0.4842,-7.0329,down,1.0066,0.0066,1,0.4908
2026-02-18,高波动冷却,0.5554,1,4.8909,91.02,0.6308,22.15,-1.8057,-0.3692,0.0152,up,0.7476,-0.2524,0,0.1168
2026-02-18,高波动冷却,0.5554,3,4.8909,91.02,0.6308,22.15,-1.8057,-0.3692,-10.1435,down,0.4544,-0.5456,0,-0.1764
2026-02-18,高波动冷却,0.5554,5,4.8909,91.02,0.6308,22.15,-1.8057,-0.3692,-4.4498,down,1.0796,0.0796,1,0.4488
2026-02-18,高波动冷却,0.5554,10,4.8909,91.02,0.6308,22.15,-1.8057,-0.3692,-1.0659,down,1.1305,0.1305,1,0.4997
2026-02-19,高波动冷却,0.3836,1,4.8916,91.03,0.7476,34.18,-1.2347,-0.2524,-4.9711,down,0.5595,-0.4405,0,-0.1881
2026-02-19,高波动冷却,0.3836,3,4.8916,91.03,0.7476,34.18,-1.2347,-0.2524,-7.8959,down,1.1475,0.1475,1,0.3999
2026-02-19,高波动冷却,0.3836,5,4.8916,91.03,0.7476,34.18,-1.2347,-0.2524,-0.0369,down,1.2469,0.2469,1,0.4993
2026-02-19,高波动冷却,0.3836,10,4.8916,91.03,0.7476,34.18,-1.2347,-0.2524,-0.9096,down,1.4134,0.4134,1,0.6659
2026-02-20,高波动冷却,0.5969,1,4.6484,87.91,0.5595,16.13,-2.0476,-0.4405,-5.4573,down,0.4544,-0.5456,0,-0.1051
2026-02-20,高波动冷却,0.5969,3,4.6484,87.91,0.5595,16.13,-2.0476,-0.4405,0.5333,up,1.0796,0.0796,1,0.5201
2026-02-20,高波动冷却,0.5969,5,4.6484,87.91,0.5595,16.13,-2.0476,-0.4405,0.3699,up,1.069,0.069,1,0.5094
2026-02-20,高波动冷却,0.5969,10,4.6484,87.91,0.5595,16.13,-2.0476,-0.4405,2.5497,up,1.2157,0.2157,1,0.6562
2026-02-21,高波动冷却,0.6091,1,4.3948,81.13,0.4544,8.49,-2.3977,-0.5456,2.5169,up,1.1475,0.1475,1,0.6931
2026-02-21,高波动冷却,0.6091,3,4.3948,81.13,0.4544,8.49,-2.3977,-0.5456,11.2644,up,1.2469,0.2469,1,0.7925
2026-02-21,高波动冷却,0.6091,5,4.3948,81.13,0.4544,8.49,-2.3977,-0.5456,4.8177,up,0.8295,-0.1705,0,0.3751
2026-02-21,高波动冷却,0.6091,10,4.3948,81.13,0.4544,8.49,-2.3977,-0.5456,17.4344,up,1.7448,0.7448,1,1.2903
2026-02-22,高波动扩张,0.3552,1,4.5054,84.08,1.1475,70.78,0.6646,0.1475,3.7258,up,1.0796,0.0796,1,-0.0679
2026-02-22,高波动扩张,0.3552,3,4.5054,84.08,1.1475,70.78,0.6646,0.1475,3.5572,up,1.069,0.069,1,-0.0786
2026-02-22,高波动扩张,0.3552,5,4.5054,84.08,1.1475,70.78,0.6646,0.1475,4.2809,up,1.0066,0.0066,1,-0.141
2026-02-22,高波动扩张,0.3552,10,4.5054,84.08,1.1475,70.78,0.6646,0.1475,4.4188,up,0.8401,-0.1599,0,-0.3074
2026-02-23,高波动扩张,0.3466,1,4.6732,88.31,1.0796,65.95,0.3719,0.0796,4.6343,up,1.2469,0.2469,1,0.1673
2026-02-23,高波动扩张,0.3466,3,4.6732,88.31,1.0796,65.95,0.3719,0.0796,-1.4282,down,0.8295,-0.1705,0,-0.2501
2026-02-23,高波动扩张,0.3466,5,4.6732,88.31,1.0796,65.95,0.3719,0.0796,3.5415,up,1.1305,0.1305,1,0.0509
2026-02-23,高波动扩张,0.3466,10,4.6732,88.31,1.0796,65.95,0.3719,0.0796,3.2085,up,1.0136,0.0136,1,-0.0659
2026-02-24,高波动扩张,0.5395,1,4.8898,90.89,1.2469,76.88,1.2073,0.2469,-4.5844,down,1.069,0.069,1,-0.1779
2026-02-24,高波动扩张,0.5395,3,4.8898,90.89,1.2469,76.88,1.2073,0.2469,-3.9176,down,1.0066,0.0066,1,-0.2403
2026-02-24,高波动扩张,0.5395,5,4.8898,90.89,1.2469,76.88,1.2073,0.2469,-0.873,down,1.4134,0.4134,1,0.1665
2026-02-24,高波动扩张,0.5395,10,4.8898,90.89,1.2469,76.88,1.2073,0.2469,-1.2896,down,0.4081,-0.5919,0,-0.8388
2026-02-25,高波动扩张,0.3269,1,4.6656,88.06,1.069,64.82,0.3217,0.069,-1.2678,down,0.8295,-0.1705,0,-0.2394
2026-02-25,高波动扩张,0.3269,3,4.6656,88.06,1.069,64.82,0.3217,0.069,3.7101,up,1.1305,0.1305,1,0.0615
2026-02-25,高波动扩张,0.3269,5,4.6656,88.06,1.069,64.82,0.3217,0.069,2.1718,up,1.2157,0.2157,1,0.1468
2026-02-25,高波动扩张,0.3269,10,4.6656,88.06,1.069,64.82,0.3217,0.069,0.6537,up,0.52,-0.48,0,-0.5489
2026-02-26,高波动冷却,0.1891,1,4.6065,86.43,0.8295,43.19,-0.7852,-0.1705,1.9919,up,1.0066,0.0066,1,0.177
2026-02-26,高波动冷却,0.1891,3,4.6065,86.43,0.8295,43.19,-0.7852,-0.1705,5.2237,up,1.4134,0.4134,1,0.5839
2026-02-26,高波动冷却,0.1891,5,4.6065,86.43,0.8295,43.19,-0.7852,-0.1705,12.0368,up,1.7448,0.7448,1,0.9152
2026-02-26,高波动冷却,0.1891,10,4.6065,86.43,0.8295,43.19,-0.7852,-0.1705,4.6038,up,1.2027,0.2027,1,0.3732
2026-02-27,高波动扩张,0.2681,1,4.6982,88.81,1.0066,59.95,0.0308,0.0066,2.9903,up,1.1305,0.1305,1,0.1239
2026-02-27,高波动扩张,0.2681,3,4.6982,88.81,1.0066,59.95,0.0308,0.0066,1.4627,up,1.2157,0.2157,1,0.2092
2026-02-27,高波动扩张,0.2681,5,4.6982,88.81,1.0066,59.95,0.0308,0.0066,0.1322,up,0.8401,-0.1599,0,-0.1665
2026-02-27,高波动扩张,0.2681,10,4.6982,88.81,1.0066,59.95,0.0308,0.0066,0.7701,up,1.0879,0.0879,1,0.0813
2026-02-28,高波动扩张,0.433,1,4.8387,90.37,1.1305,69.94,0.6313,0.1305,0.1732,up,1.4134,0.4134,1,0.283
2026-02-28,高波动扩张,0.433,3,4.8387,90.37,1.1305,69.94,0.6313,0.1305,6.6593,up,1.7448,0.7448,1,0.6143
2026-02-28,高波动扩张,0.433,5,4.8387,90.37,1.1305,69.94,0.6313,0.1305,-0.3216,down,1.0136,0.0136,1,-0.1168
2026-02-28,高波动扩张,0.433,10,4.8387,90.37,1.1305,69.94,0.6313,0.1305,-6.6514,down,0.8463,-0.1537,0,-0.2842
2026-03-01,高波动扩张,0.6341,1,4.8471,90.57,1.4134,83.82,2.004,0.4134,-1.6535,down,1.2157,0.2157,1,-0.1977
2026-03-01,高波动扩张,0.6341,3,4.8471,90.57,1.4134,83.82,2.004,0.4134,-2.9432,down,0.8401,-0.1599,0,-0.5733
2026-03-01,高波动扩张,0.6341,5,4.8471,90.57,1.4134,83.82,2.004,0.4134,-0.4202,down,0.4081,-0.5919,0,-1.0053
2026-03-01,高波动扩张,0.6341,10,4.8471,90.57,1.4134,83.82,2.004,0.4134,-7.6029,down,0.6813,-0.3187,0,-0.7322
2026-03-02,高波动扩张,0.4952,1,4.767,89.57,1.2157,75.09,1.0284,0.2157,8.2651,up,1.7448,0.7448,1,0.529
2026-03-02,高波动扩张,0.4952,3,4.767,89.57,1.2157,75.09,1.0284,0.2157,1.1791,up,1.0136,0.0136,1,-0.2021
2026-03-02,高波动扩张,0.4952,5,4.767,89.57,1.2157,75.09,1.0284,0.2157,-1.4859,down,0.52,-0.48,0,-0.6957
2026-03-02,高波动扩张,0.4952,10,4.767,89.57,1.2157,75.09,1.0284,0.2157,-4.0463,down,1.2889,0.2889,1,0.0732
2026-03-03,高波动扩张,0.8154,1,5.161,94.77,1.7448,92.31,3.8437,0.7448,-8.8454,down,0.8401,-0.1599,0,-0.9047
2026-03-03,高波动扩张,0.8154,3,5.161,94.77,1.7448,92.31,3.8437,0.7448,-6.4758,down,0.4081,-0.5919,0,-1.3366
2026-03-03,高波动扩张,0.8154,5,5.161,94.77,1.7448,92.31,3.8437,0.7448,-6.6344,down,1.2027,0.2027,1,-0.542
2026-03-03,高波动扩张,0.8154,10,5.161,94.77,1.7448,92.31,3.8437,0.7448,-15.641,down,0.6291,-0.3709,0,-1.1156
2026-03-04,高波动冷却,0.2065,1,4.7045,88.59,0.8401,44.14,-0.7523,-0.1599,2.5235,up,1.0136,0.0136,1,0.1736
2026-03-04,高波动冷却,0.2065,3,4.7045,88.59,0.8401,44.14,-0.7523,-0.1599,-0.1769,down,0.52,-0.48,0,-0.3201
2026-03-04,高波动冷却,0.2065,5,4.7045,88.59,0.8401,44.14,-0.7523,-0.1599,0.637,up,1.0879,0.0879,1,0.2478
2026-03-04,高波动冷却,0.2065,10,4.7045,88.59,0.8401,44.14,-0.7523,-0.1599,-9.4401,down,0.4807,-0.5193,0,-0.3594
2026-03-05,高波动扩张,0.2954,1,4.8232,90.05,1.0136,60.63,0.0658,0.0136,0.0741,up,0.4081,-0.5919,0,-0.6055
2026-03-05,高波动扩张,0.2954,3,4.8232,90.05,1.0136,60.63,0.0658,0.0136,-0.0956,down,1.2027,0.2027,1,0.1891
2026-03-05,高波动扩张,0.2954,5,4.8232,90.05,1.0136,60.63,0.0658,0.0136,-6.3502,down,0.8463,-0.1537,0,-0.1674
2026-03-05,高波动扩张,0.2954,10,4.8232,90.05,1.0136,60.63,0.0658,0.0136,-12.2422,down,1.0789,0.0789,1,0.0653
2026-03-06,高波动冷却,0.777,1,4.8267,90.06,0.4081,5.67,-2.8568,-0.5919,-2.706,down,0.52,-0.48,0,0.1119
2026-03-06,高波动冷却,0.777,3,4.8267,90.06,0.4081,5.67,-2.8568,-0.5919,-1.9127,down,1.0879,0.0879,1,0.6797
2026-03-06,高波动冷却,0.777,5,4.8267,90.06,0.4081,5.67,-2.8568,-0.5919,-7.213,down,0.6813,-0.3187,0,0.2731
2026-03-06,高波动冷却,0.777,10,4.8267,90.06,0.4081,5.67,-2.8568,-0.5919,-14.7398,down,0.956,-0.044,0,0.5479
2026-03-07,高波动冷却,0.6464,1,4.6961,88.08,0.52,12.83,-2.254,-0.48,2.607,up,1.2027,0.2027,1,0.6827
2026-03-07,高波动冷却,0.6464,3,4.6961,88.08,0.52,12.83,-2.254,-0.48,-3.8168,down,0.8463,-0.1537,0,0.3262
2026-03-07,高波动冷却,0.6464,5,4.6961,88.08,0.52,12.83,-2.254,-0.48,-2.5991,down,1.2889,0.2889,1,0.7689
2026-03-07,高波动冷却,0.6464,10,4.6961,88.08,0.52,12.83,-2.254,-0.48,-11.1744,down,1.2854,0.2854,1,0.7654
2026-03-08,高波动扩张,0.485,1,4.8186,89.72,1.2027,74.23,0.9769,0.2027,-1.7461,down,1.0879,0.0879,1,-0.1149
2026-03-08,高波动扩张,0.485,3,4.8186,89.72,1.2027,74.23,0.9769,0.2027,-7.0554,down,0.6813,-0.3187,0,-0.5215
2026-03-08,高波动扩张,0.485,5,4.8186,89.72,1.2027,74.23,0.9769,0.2027,-9.6466,down,0.6291,-0.3709,0,-0.5736
2026-03-08,高波动扩张,0.485,10,4.8186,89.72,1.2027,74.23,0.9769,0.2027,-10.2064,down,1.0385,0.0385,1,-0.1642
2026-03-09,高波动扩张,0.3601,1,4.7344,88.64,1.0879,66.56,0.416,0.0879,-4.5947,down,0.8463,-0.1537,0,-0.2416
2026-03-09,高波动扩张,0.3601,3,4.7344,88.64,1.0879,66.56,0.416,0.0879,-3.3868,down,1.2889,0.2889,1,0.2011
2026-03-09,高波动扩张,0.3601,5,4.7344,88.64,1.0879,66.56,0.416,0.0879,-10.0133,down,0.4807,-0.5193,0,-0.6071
2026-03-09,高波动扩张,0.3601,10,4.7344,88.64,1.0879,66.56,0.416,0.0879,-7.7173,down,0.7433,-0.2567,0,-0.3445
2026-03-10,高波动冷却,0.1255,1,4.5169,83.68,0.8463,44.89,-0.6945,-0.1537,-0.8478,down,0.6813,-0.3187,0,-0.165
2026-03-10,高波动冷却,0.1255,3,4.5169,83.68,0.8463,44.89,-0.6945,-0.1537,-3.6121,down,0.6291,-0.3709,0,-0.2171
2026-03-10,高波动冷却,0.1255,5,4.5169,83.68,0.8463,44.89,-0.6945,-0.1537,-6.2915,down,1.0789,0.0789,1,0.2327
2026-03-10,高波动冷却,0.1255,10,4.5169,83.68,0.8463,44.89,-0.6945,-0.1537,-6.8558,down,0.5898,-0.4102,0,-0.2564
2026-03-11,高波动冷却,0.3651,1,4.4786,82.43,0.6813,26.87,-1.4275,-0.3187,2.132,up,1.2889,0.2889,1,0.6077
2026-03-11,高波动冷却,0.3651,3,4.4786,82.43,0.6813,26.87,-1.4275,-0.3187,-4.8731,down,0.4807,-0.5193,0,-0.2005
2026-03-11,高波动冷却,0.3651,5,4.4786,82.43,0.6813,26.87,-1.4275,-0.3187,-8.1119,down,0.956,-0.044,0,0.2748
2026-03-11,高波动冷却,0.3651,10,4.4786,82.43,0.6813,26.87,-1.4275,-0.3187,-7.7699,down,0.8993,-0.1007,0,0.218
2026-03-12,高波动扩张,0.4933,1,4.5741,84.97,1.2889,79.56,1.3215,0.2889,-4.8172,down,0.6291,-0.3709,0,-0.6598
2026-03-12,高波动扩张,0.4933,3,4.5741,84.97,1.2889,79.56,1.3215,0.2889,-7.4631,down,1.0789,0.0789,1,-0.21
2026-03-12,高波动扩张,0.4933,5,4.5741,84.97,1.2889,79.56,1.3215,0.2889,-8.8041,down,1.2854,0.2854,1,-0.0035
2026-03-12,高波动扩张,0.4933,10,4.5741,84.97,1.2889,79.56,1.3215,0.2889,-3.8355,down,1.4767,0.4767,1,0.1877
2026-03-13,高波动冷却,0.3855,1,4.3537,78.94,0.6291,21.96,-1.6147,-0.3709,-2.1449,down,0.4807,-0.5193,0,-0.1484
2026-03-13,高波动冷却,0.3855,3,4.3537,78.94,0.6291,21.96,-1.6147,-0.3709,-5.4767,down,0.956,-0.044,0,0.3269
2026-03-13,高波动冷却,0.3855,5,4.3537,78.94,0.6291,21.96,-1.6147,-0.3709,-0.6196,down,1.0385,0.0385,1,0.4094
2026-03-13,高波动冷却,0.3855,10,4.3537,78.94,0.6291,21.96,-1.6147,-0.3709,-3.4281,down,0.6497,-0.3503,0,0.0206
2026-03-14,高波动冷却,0.5148,1,4.2604,75.99,0.4807,9.95,-2.2123,-0.5193,-0.6488,down,1.0789,0.0789,1,0.5982
2026-03-14,高波动冷却,0.5148,3,4.2604,75.99,0.4807,9.95,-2.2123,-0.5193,-2.0885,down,1.2854,0.2854,1,0.8047
2026-03-14,高波动冷却,0.5148,5,4.2604,75.99,0.4807,9.95,-2.2123,-0.5193,2.5516,up,0.7433,-0.2567,0,0.2626
2026-03-14,高波动冷却,0.5148,10,4.2604,75.99,0.4807,9.95,-2.2123,-0.5193,-0.5173,down,1.0545,0.0545,1,0.5737
2026-03-15,高波动扩张,0.1565,1,4.2327,75.2,1.0789,65.75,0.334,0.0789,-2.774,down,0.956,-0.044,0,-0.1229
2026-03-15,高波动扩张,0.1565,3,4.2327,75.2,1.0789,65.75,0.334,0.0789,2.2219,up,1.0385,0.0385,1,-0.0404
2026-03-15,高波动扩张,0.1565,5,4.2327,75.2,1.0789,65.75,0.334,0.0789,-0.6022,down,0.5898,-0.4102,0,-0.4891
2026-03-15,高波动扩张,0.1565,10,4.2327,75.2,1.0789,65.75,0.334,0.0789,-0.6013,down,1.0829,0.0829,1,0.004
2026-03-16,常态波动,0.7212,1,4.1153,71.99,0.956,55.89,-0.181,-0.044,1.3627,up,1.2854,0.2854,1,0.3294
2026-03-16,常态波动,0.7212,3,4.1153,71.99,0.956,55.89,-0.181,-0.044,6.1663,up,0.7433,-0.2567,0,-0.2127
2026-03-16,常态波动,0.7212,5,4.1153,71.99,0.956,55.89,-0.181,-0.044,0.3722,up,0.8993,-0.1007,0,-0.0568
2026-03-16,常态波动,0.7212,10,4.1153,71.99,0.956,55.89,-0.181,-0.044,6.8193,up,1.2432,0.2432,1,0.2872
2026-03-17,高波动扩张,0.33,1,4.1714,73.81,1.2854,79.29,1.1904,0.2854,3.7251,up,1.0385,0.0385,1,-0.2469
2026-03-17,高波动扩张,0.33,3,4.1714,73.81,1.2854,79.29,1.1904,0.2854,0.8594,up,0.5898,-0.4102,0,-0.6956
2026-03-17,高波动扩张,0.33,5,4.1714,73.81,1.2854,79.29,1.1904,0.2854,5.4483,up,1.4767,0.4767,1,0.1913
2026-03-17,高波动扩张,0.33,10,4.1714,73.81,1.2854,79.29,1.1904,0.2854,6.8583,up,0.6052,-0.3948,0,-0.6802
2026-03-18,高波动扩张,0.16,1,4.3268,78.5,1.0385,62.7,0.1666,0.0385,0.9776,up,0.7433,-0.2567,0,-0.2952
2026-03-18,高波动扩张,0.16,3,4.3268,78.5,1.0385,62.7,0.1666,0.0385,-4.5334,down,0.8993,-0.1007,0,-0.1392
2026-03-18,高波动扩张,0.16,5,4.3268,78.5,1.0385,62.7,0.1666,0.0385,-2.826,down,0.6497,-0.3503,0,-0.3888
2026-03-18,高波动扩张,0.16,10,4.3268,78.5,1.0385,62.7,0.1666,0.0385,-3.4162,down,0.3184,-0.6816,0,-0.7201
2026-03-19,高波动冷却,0.23,1,4.3691,79.42,0.7433,33.32,-1.1215,-0.2567,-3.7041,down,0.5898,-0.4102,0,-0.1535
2026-03-19,高波动冷却,0.23,3,4.3691,79.42,0.7433,33.32,-1.1215,-0.2567,0.6772,up,1.4767,0.4767,1,0.7333
2026-03-19,高波动冷却,0.23,5,4.3691,79.42,0.7433,33.32,-1.1215,-0.2567,-2.9925,down,1.0545,0.0545,1,0.3112
2026-03-19,高波动冷却,0.23,10,4.3691,79.42,0.7433,33.32,-1.1215,-0.2567,-2.5026,down,1.1537,0.1537,1,0.4104
2026-03-20,高波动冷却,0.3715,1,4.2072,74.33,0.5898,18.32,-1.7257,-0.4102,-1.8209,down,0.8993,-0.1007,0,0.3094
2026-03-20,高波动冷却,0.3715,3,4.2072,74.33,0.5898,18.32,-1.7257,-0.4102,-0.065,down,0.6497,-0.3503,0,0.0599
2026-03-20,高波动冷却,0.3715,5,4.2072,74.33,0.5898,18.32,-1.7257,-0.4102,0.0009,up,1.0829,0.0829,1,0.4931
2026-03-20,高波动冷却,0.3715,10,4.2072,74.33,0.5898,18.32,-1.7257,-0.4102,-1.3803,down,0.8709,-0.1291,0,0.2811
2026-03-21,常态波动,0.7735,1,4.1306,72.02,0.8993,50.63,-0.4161,-0.1007,6.4889,up,1.4767,0.4767,1,0.5774
2026-03-21,常态波动,0.7735,3,4.1306,72.02,0.8993,50.63,-0.4161,-0.1007,2.6074,up,1.0545,0.0545,1,0.1552
2026-03-21,常态波动,0.7735,5,4.1306,72.02,0.8993,50.63,-0.4161,-0.1007,6.4232,up,1.2432,0.2432,1,0.3439
2026-03-21,常态波动,0.7735,10,4.1306,72.02,0.8993,50.63,-0.4161,-0.1007,1.3181,up,0.9384,-0.0616,0,0.0391
2026-03-22,高波动扩张,0.5119,1,4.3986,80.1,1.4767,85.73,2.0966,0.4767,-4.414,down,0.6497,-0.3503,0,-0.8269
2026-03-22,高波动扩张,0.5119,3,4.3986,80.1,1.4767,85.73,2.0966,0.4767,-4.3509,down,1.0829,0.0829,1,-0.3937
2026-03-22,高波动扩张,0.5119,5,4.3986,80.1,1.4767,85.73,2.0966,0.4767,1.3371,up,0.6052,-0.3948,0,-0.8715
2026-03-22,高波动扩张,0.5119,10,4.3986,80.1,1.4767,85.73,2.0966,0.4767,-6.1596,down,1.237,0.237,1,-0.2397
2026-03-23,高波动冷却,0.2927,1,4.2045,74.13,0.6497,23.64,-1.4726,-0.3503,0.8045,up,1.0545,0.0545,1,0.4047
2026-03-23,高波动冷却,0.2927,3,4.2045,74.13,0.6497,23.64,-1.4726,-0.3503,4.5533,up,1.2432,0.2432,1,0.5934
2026-03-23,高波动冷却,0.2927,5,4.2045,74.13,0.6497,23.64,-1.4726,-0.3503,-0.6073,down,0.3184,-0.6816,0,-0.3314
2026-03-23,高波动冷却,0.2927,10,4.2045,74.13,0.6497,23.64,-1.4726,-0.3503,-3.0911,down,0.4224,-0.5776,0,-0.2273
2026-03-24,高波动扩张,0.1327,1,4.2383,75.22,1.0545,64.06,0.2308,0.0545,-0.7326,down,1.0829,0.0829,1,0.0285
2026-03-24,高波动扩张,0.1327,3,4.2383,75.22,1.0545,64.06,0.2308,0.0545,5.1706,up,0.6052,-0.3948,0,-0.4493
2026-03-24,高波动扩张,0.1327,5,4.2383,75.22,1.0545,64.06,0.2308,0.0545,0.505,up,1.1537,0.1537,1,0.0992
2026-03-24,高波动扩张,0.1327,10,4.2383,75.22,1.0545,64.06,0.2308,0.0545,-8.6282,down,0.3202,-0.6798,0,-0.7342
2026-03-25,高波动扩张,0.1513,1,4.2073,74.26,1.0829,66.32,0.3489,0.0829,4.4844,up,1.2432,0.2432,1,0.1602
2026-03-25,高波动扩张,0.1513,3,4.2073,74.26,1.0829,66.32,0.3489,0.0829,-0.6729,down,0.3184,-0.6816,0,-0.7645
2026-03-25,高波动扩张,0.1513,5,4.2073,74.26,1.0829,66.32,0.3489,0.0829,-1.3812,down,0.8709,-0.1291,0,-0.212
2026-03-25,高波动扩张,0.1513,10,4.2073,74.26,1.0829,66.32,0.3489,0.0829,-12.0001,down,0.5109,-0.4891,0,-0.5721
2026-03-26,高波动扩张,0.3812,1,4.3959,79.99,1.2432,76.69,1.0689,0.2432,1.3997,up,0.6052,-0.3948,0,-0.638
2026-03-26,高波动扩张,0.3812,3,4.3959,79.99,1.2432,76.69,1.0689,0.2432,-3.0986,down,1.1537,0.1537,1,-0.0895
2026-03-26,高波动扩张,0.3812,5,4.3959,79.99,1.2432,76.69,1.0689,0.2432,-4.797,down,0.9384,-0.0616,0,-0.3048
2026-03-26,高波动扩张,0.3812,10,4.3959,79.99,1.2432,76.69,1.0689,0.2432,-14.1584,down,1.2328,0.2328,1,-0.0104
2026-03-27,高波动冷却,0.4555,1,4.4575,81.61,0.6052,19.72,-1.76,-0.3948,-6.2481,down,0.3184,-0.6816,0,-0.2868
2026-03-27,高波动冷却,0.4555,3,4.4575,81.61,0.6052,19.72,-1.76,-0.3948,-6.9167,down,0.8709,-0.1291,0,0.2658
2026-03-27,高波动冷却,0.4555,5,4.4575,81.61,0.6052,19.72,-1.76,-0.3948,-7.3978,down,1.237,0.237,1,0.6318
2026-03-27,高波动冷却,0.4555,10,4.4575,81.61,0.6052,19.72,-1.76,-0.3948,-18.3043,down,1.0378,0.0378,1,0.4327
2026-03-28,高波动冷却,0.592,1,4.179,73.44,0.3184,2,-2.8485,-0.6816,1.9327,up,1.1537,0.1537,1,0.8353
2026-03-28,高波动冷却,0.592,3,4.179,73.44,0.3184,2,-2.8485,-0.6816,0.1461,up,0.9384,-0.0616,0,0.62
2026-03-28,高波动冷却,0.592,5,4.179,73.44,0.3184,2,-2.8485,-0.6816,-2.499,down,0.4224,-0.5776,0,0.104
2026-03-28,高波动冷却,0.592,10,4.179,73.44,0.3184,2,-2.8485,-0.6816,-4.8578,down,1.7816,0.7816,1,1.4632
2026-03-29,高波动扩张,0.247,1,4.2597,75.78,1.1537,71.51,0.6547,0.1537,-2.5956,down,0.8709,-0.1291,0,-0.2827
2026-03-29,高波动扩张,0.247,3,4.2597,75.78,1.1537,71.51,0.6547,0.1537,-3.0991,down,1.237,0.237,1,0.0833
2026-03-29,高波动扩张,0.247,5,4.2597,75.78,1.1537,71.51,0.6547,0.1537,-9.0873,down,0.3202,-0.6798,0,-0.8335
2026-03-29,高波动扩张,0.247,10,4.2597,75.78,1.1537,71.51,0.6547,0.1537,-12.6332,down,0.7208,-0.2792,0,-0.4329
2026-03-30,常态波动,0.7487,1,4.1491,72.42,0.8709,47.29,-0.5355,-0.1291,0.8654,up,0.9384,-0.0616,0,0.0674
2026-03-30,常态波动,0.7487,3,4.1491,72.42,0.8709,47.29,-0.5355,-0.1291,-1.7987,down,0.4224,-0.5776,0,-0.4485
2026-03-30,常态波动,0.7487,5,4.1491,72.42,0.8709,47.29,-0.5355,-0.1291,-10.7676,down,0.5109,-0.4891,0,-0.3601
2026-03-30,常态波动,0.7487,10,4.1491,72.42,0.8709,47.29,-0.5355,-0.1291,-13.1483,down,0.7309,-0.2691,0,-0.1401
2026-03-31,常态波动,0.7214,1,4.1851,73.51,0.9384,54.35,-0.2579,-0.0616,-1.3705,down,1.237,0.237,1,0.2986
2026-03-31,常态波动,0.7214,3,4.1851,73.51,0.9384,54.35,-0.2579,-0.0616,-7.4655,down,0.3202,-0.6798,0,-0.6181
2026-03-31,常态波动,0.7214,5,4.1851,73.51,0.9384,54.35,-0.2579,-0.0616,-9.8331,down,1.2328,0.2328,1,0.2944
2026-03-31,常态波动,0.7214,10,4.1851,73.51,0.9384,54.35,-0.2579,-0.0616,-17.7874,down,0.443,-0.557,0,-0.4953
2026-04-01,高波动扩张,0.2528,1,4.1277,71.32,1.237,76.37,0.9782,0.237,-1.2884,down,0.4224,-0.5776,0,-0.8146
2026-04-01,高波动扩张,0.2528,3,4.1277,71.32,1.237,76.37,0.9782,0.237,-10.3039,down,0.5109,-0.4891,0,-0.7261
2026-04-01,高波动扩张,0.2528,5,4.1277,71.32,1.237,76.37,0.9782,0.237,-11.7777,down,1.0378,0.0378,1,-0.1991
2026-04-01,高波动扩张,0.2528,10,4.1277,71.32,1.237,76.37,0.9782,0.237,-15.3601,down,1.2691,0.2691,1,0.0322
2026-04-02,高波动冷却,0.4812,1,4.0745,69.84,0.4224,6.16,-2.3534,-0.5776,-4.9551,down,0.3202,-0.6798,0,-0.1022
2026-04-02,高波动冷却,0.4812,3,4.0745,69.84,0.4224,6.16,-2.3534,-0.5776,-7.3869,down,1.2328,0.2328,1,0.8104
2026-04-02,高波动冷却,0.4812,5,4.0745,69.84,0.4224,6.16,-2.3534,-0.5776,-2.4192,down,1.7816,0.7816,1,1.3591
2026-04-02,高波动冷却,0.4812,10,4.0745,69.84,0.4224,6.16,-2.3534,-0.5776,-13.3132,down,0.7862,-0.2138,0,0.3638
2026-04-03,高波动冷却,0.4387,1,3.8726,62.79,0.3202,2.08,-2.6325,-0.6798,-4.3959,down,0.5109,-0.4891,0,0.1906
2026-04-03,高波动冷却,0.4387,3,3.8726,62.79,0.3202,2.08,-2.6325,-0.6798,-5.9668,down,1.0378,0.0378,1,0.7176
2026-04-03,高波动冷却,0.4387,5,3.8726,62.79,0.3202,2.08,-2.6325,-0.6798,-3.9003,down,0.7208,-0.2792,0,0.4006
2026-04-03,高波动冷却,0.4387,10,3.8726,62.79,0.3202,2.08,-2.6325,-0.6798,-5.2411,down,1.6549,0.6549,1,1.3347
2026-04-04,高波动冷却,0.2118,1,3.7024,57.07,0.5109,12.25,-1.811,-0.4891,1.9217,up,1.2328,0.2328,1,0.7219
2026-04-04,高波动冷却,0.2118,3,3.7024,57.07,0.5109,12.25,-1.811,-0.4891,7.3888,up,1.7816,0.7816,1,1.2707
2026-04-04,高波动冷却,0.2118,5,3.7024,57.07,0.5109,12.25,-1.811,-0.4891,-2.668,down,0.7309,-0.2691,0,0.22
2026-04-04,高波动冷却,0.2118,10,3.7024,57.07,0.5109,12.25,-1.811,-0.4891,-6.4781,down,0.8537,-0.1463,0,0.3428
2026-04-05,高波动扩张,0.0876,1,3.7735,59.94,1.2328,76.19,0.8784,0.2328,-3.4976,down,1.0378,0.0378,1,-0.195
2026-04-05,高波动扩张,0.0876,3,3.7735,59.94,1.2328,76.19,0.8784,0.2328,-1.3769,down,0.7208,-0.2792,0,-0.512
2026-04-05,高波动扩张,0.0876,5,3.7735,59.94,1.2328,76.19,0.8784,0.2328,-8.8218,down,0.443,-0.557,0,-0.7898
2026-04-05,高波动扩张,0.0876,10,3.7735,59.94,1.2328,76.19,0.8784,0.2328,-7.5192,down,0.8432,-0.1568,0,-0.3896
2026-04-06,常态波动,0.8297,1,3.6416,54.5,1.0378,62.53,0.1377,0.0378,9.1828,up,1.7816,0.7816,1,0.7437
2026-04-06,常态波动,0.8297,3,3.6416,54.5,1.0378,62.53,0.1377,0.0378,-1.042,down,0.7309,-0.2691,0,-0.307
2026-04-06,常态波动,0.8297,5,3.6416,54.5,1.0378,62.53,0.1377,0.0378,-4.0606,down,1.2691,0.2691,1,0.2313
2026-04-06,常态波动,0.8297,10,3.6416,54.5,1.0378,62.53,0.1377,0.0378,-1.0804,down,1.5504,0.5504,1,0.5125
2026-04-07,高波动扩张,0.4205,1,3.9759,66.27,1.7816,93.17,3.1074,0.7816,-6.3977,down,0.7208,-0.2792,0,-1.0608
2026-04-07,高波动扩张,0.4205,3,3.9759,66.27,1.7816,93.17,3.1074,0.7816,-13.4636,down,0.443,-0.557,0,-1.3385
2026-04-07,高波动扩张,0.4205,5,3.9759,66.27,1.7816,93.17,3.1074,0.7816,-11.1641,down,0.7862,-0.2138,0,-0.9953
2026-04-07,高波动扩张,0.4205,10,3.9759,66.27,1.7816,93.17,3.1074,0.7816,-13.2199,down,0.9655,-0.0345,0,-0.8161
2026-04-08,常态波动,0.7357,1,3.7216,57.84,0.7208,31.41,-1.0391,-0.2792,-3.17,down,0.7309,-0.2691,0,0.0101
2026-04-08,常态波动,0.7357,3,3.7216,57.84,0.7208,31.41,-1.0391,-0.2792,-6.1236,down,1.2691,0.2691,1,0.5483
2026-04-08,常态波动,0.7357,5,3.7216,57.84,0.7208,31.41,-1.0391,-0.2792,-1.3952,down,1.6549,0.6549,1,0.9341
2026-04-08,常态波动,0.7357,10,3.7216,57.84,0.7208,31.41,-1.0391,-0.2792,-8.5963,down,0.5337,-0.4663,0,-0.1871
2026-04-09,常态波动,0.7975,1,3.6036,52.86,0.7309,32.61,-0.9698,-0.2691,-4.5222,down,0.443,-0.557,0,-0.2878
2026-04-09,常态波动,0.7975,3,3.6036,52.86,0.7309,32.61,-0.9698,-0.2691,-1.9851,down,0.7862,-0.2138,0,0.0553
2026-04-09,常态波动,0.7975,5,3.6036,52.86,0.7309,32.61,-0.9698,-0.2691,-3.9145,down,0.8537,-0.1463,0,0.1228
2026-04-09,常态波动,0.7975,10,3.6036,52.86,0.7309,32.61,-0.9698,-0.2691,-6.3603,down,0.8405,-0.1595,0,0.1097
2026-04-10,波动压缩,0.2223,1,3.4406,46.92,0.443,7.52,-1.9163,-0.557,1.5416,up,1.2691,0.2691,1,0.8261
2026-04-10,波动压缩,0.2223,3,3.4406,46.92,0.443,7.52,-1.9163,-0.557,6.6561,up,1.6549,0.6549,1,1.2118
2026-04-10,波动压缩,0.2223,5,3.4406,46.92,0.443,7.52,-1.9163,-0.557,1.4287,up,0.8432,-0.1568,0,0.4002
2026-04-10,波动压缩,0.2223,10,3.4406,46.92,0.443,7.52,-1.9163,-0.557,-4.1386,down,0.6758,-0.3242,0,0.2327
2026-04-11,波动启动,0.0966,1,3.4937,48.81,1.2691,78.34,0.9403,0.2691,1.0988,up,0.7862,-0.2138,0,-0.4829
2026-04-11,波动启动,0.0966,3,3.4937,48.81,1.2691,78.34,0.9403,0.2691,-0.8913,down,0.8537,-0.1463,0,-0.4154
2026-04-11,波动启动,0.0966,5,3.4937,48.81,1.2691,78.34,0.9403,0.2691,3.1063,up,1.5504,0.5504,1,0.2812
2026-04-11,波动启动,0.0966,10,3.4937,48.81,1.2691,78.34,0.9403,0.2691,-0.0498,down,1.7415,0.7415,1,0.4723
2026-04-12,常态波动,0.8841,1,3.5321,50,0.7862,38.41,-0.7551,-0.2138,3.8953,up,1.6549,0.6549,1,0.8687
2026-04-12,常态波动,0.8841,3,3.5321,50,0.7862,38.41,-0.7551,-0.2138,-1.1968,down,0.8432,-0.1568,0,0.057
2026-04-12,常态波动,0.8841,5,3.5321,50,0.7862,38.41,-0.7551,-0.2138,-2.3142,down,0.9655,-0.0345,0,0.1793
2026-04-12,常态波动,0.8841,10,3.5321,50,0.7862,38.41,-0.7551,-0.2138,-6.2775,down,0.8818,-0.1182,0,0.0956
2026-04-13,高波动扩张,0.2343,1,3.6697,55.66,1.6549,90.75,2.4032,0.6549,-5.6439,down,0.8537,-0.1463,0,-0.8012
2026-04-13,高波动扩张,0.2343,3,3.6697,55.66,1.6549,90.75,2.4032,0.6549,-1.8379,down,1.5504,0.5504,1,-0.1045
2026-04-13,高波动扩张,0.2343,5,3.6697,55.66,1.6549,90.75,2.4032,0.6549,-7.303,down,0.5337,-0.4663,0,-1.1212
2026-04-13,高波动扩张,0.2343,10,3.6697,55.66,1.6549,90.75,2.4032,0.6549,-11.2056,down,0.6409,-0.3591,0,-1.014
2026-04-14,常态波动,0.9308,1,3.4625,47.46,0.8537,45.62,-0.5065,-0.1463,0.7871,up,0.8432,-0.1568,0,-0.0105
2026-04-14,常态波动,0.9308,3,3.4625,47.46,0.8537,45.62,-0.5065,-0.1463,-0.3527,down,0.9655,-0.0345,0,0.1118
2026-04-14,常态波动,0.9308,5,3.4625,47.46,0.8537,45.62,-0.5065,-0.1463,-2.5455,down,0.8405,-0.1595,0,-0.0132
2026-04-14,常态波动,0.9308,10,3.4625,47.46,0.8537,45.62,-0.5065,-0.1463,-10.0534,down,0.3423,-0.6577,0,-0.5114
2026-04-15,常态波动,0.9308,1,3.4898,48.73,0.8432,44.35,-0.5472,-0.1568,3.2211,up,1.5504,0.5504,1,0.7072
2026-04-15,常态波动,0.9308,3,3.4898,48.73,0.8432,44.35,-0.5472,-0.1568,-2.5256,down,0.5337,-0.4663,0,-0.3095
2026-04-15,常态波动,0.9308,5,3.4898,48.73,0.8432,44.35,-0.5472,-0.1568,-5.4889,down,0.6758,-0.3242,0,-0.1674
2026-04-15,常态波动,0.9308,10,3.4898,48.73,0.8432,44.35,-0.5472,-0.1568,-13.3148,down,0.4921,-0.5079,0,-0.3511
2026-04-16,波动启动,0.2192,1,3.6022,52.89,1.5504,88.41,1.9826,0.5504,-4.2163,down,0.9655,-0.0345,0,-0.5849
2026-04-16,波动启动,0.2192,3,3.6022,52.89,1.5504,88.41,1.9826,0.5504,-6.3239,down,0.8405,-0.1595,0,-0.7098
2026-04-16,波动启动,0.2192,5,3.6022,52.89,1.5504,88.41,1.9826,0.5504,-3.061,down,1.7415,0.7415,1,0.1911
2026-04-16,波动启动,0.2192,10,3.6022,52.89,1.5504,88.41,1.9826,0.5504,-15.179,down,1.2469,0.2469,1,-0.3035
2026-04-17,常态波动,0.9056,1,3.4503,46.9,0.9655,56.34,-0.1191,-0.0345,-1.4106,down,0.5337,-0.4663,0,-0.4318
2026-04-17,常态波动,0.9056,3,3.4503,46.9,0.9655,56.34,-0.1191,-0.0345,-4.4077,down,0.6758,-0.3242,0,-0.2897
2026-04-17,常态波动,0.9056,5,3.4503,46.9,0.9655,56.34,-0.1191,-0.0345,-4.0572,down,0.8818,-0.1182,0,-0.0837
2026-04-17,常态波动,0.9056,10,3.4503,46.9,0.9655,56.34,-0.1191,-0.0345,-11.5278,down,0.7764,-0.2236,0,-0.189
2026-04-18,波动压缩,0.1641,1,3.4017,45.02,0.5337,13.49,-1.5863,-0.4663,-0.8012,down,0.8405,-0.1595,0,0.3069
2026-04-18,波动压缩,0.1641,3,3.4017,45.02,0.5337,13.49,-1.5863,-0.4663,2.6541,up,1.7415,0.7415,1,1.2078
2026-04-18,波动压缩,0.1641,5,3.4017,45.02,0.5337,13.49,-1.5863,-0.4663,-4.2101,down,0.6409,-0.3591,0,0.1072
2026-04-18,波动压缩,0.1641,10,3.4017,45.02,0.5337,13.49,-1.5863,-0.4663,-9.7568,down,0.9484,-0.0516,0,0.4147
2026-04-19,常态波动,0.8752,1,3.3744,43.5,0.8405,44.02,-0.5381,-0.1595,-2.2569,down,0.6758,-0.3242,0,-0.1648
2026-04-19,常态波动,0.8752,3,3.3744,43.5,0.8405,44.02,-0.5381,-0.1595,-1.8985,down,0.8818,-0.1182,0,0.0412
2026-04-19,常态波动,0.8752,5,3.3744,43.5,0.8405,44.02,-0.5381,-0.1595,-7.7041,down,0.3423,-0.6577,0,-0.4982
2026-04-19,常态波动,0.8752,10,3.3744,43.5,0.8405,44.02,-0.5381,-0.1595,-10.558,down,0.7543,-0.2457,0,-0.0863
2026-04-20,波动压缩,0.0659,1,3.2982,39.19,0.6758,26.2,-1.0694,-0.3242,5.8727,up,1.7415,0.7415,1,1.0657
2026-04-20,波动压缩,0.0659,3,3.2982,39.19,0.6758,26.2,-1.0694,-0.3242,-1.2067,down,0.6409,-0.3591,0,-0.0349
2026-04-20,波动压缩,0.0659,5,3.2982,39.19,0.6758,26.2,-1.0694,-0.3242,-8.2804,down,0.4921,-0.5079,0,-0.1837
2026-04-20,波动压缩,0.0659,10,3.2982,39.19,0.6758,26.2,-1.0694,-0.3242,-7.6054,down,1.2131,0.2131,1,0.5373
2026-04-21,波动启动,0.331,1,3.4919,48.91,1.7415,92.47,2.5891,0.7415,-5.2006,down,0.8818,-0.1182,0,-0.8597
2026-04-21,波动启动,0.331,3,3.4919,48.91,1.7415,92.47,2.5891,0.7415,-10.8107,down,0.3423,-0.6577,0,-1.3991
2026-04-21,波动启动,0.331,5,3.4919,48.91,1.7415,92.47,2.5891,0.7415,-12.5006,down,1.2469,0.2469,1,-0.4945
2026-04-21,波动启动,0.331,10,3.4919,48.91,1.7415,92.47,2.5891,0.7415,-18.5908,down,0.4168,-0.5832,0,-1.3247
2026-04-22,常态波动,0.8816,1,3.3103,39.56,0.8818,48.61,-0.3914,-0.1182,-1.5677,down,0.6409,-0.3591,0,-0.2409
2026-04-22,常态波动,0.8816,3,3.3103,39.56,0.8818,48.61,-0.3914,-0.1182,-8.6155,down,0.4921,-0.5079,0,-0.3897
2026-04-22,常态波动,0.8816,5,3.3103,39.56,0.8818,48.61,-0.3914,-0.1182,-7.7865,down,0.7764,-0.2236,0,-0.1053
2026-04-22,常态波动,0.8816,10,3.3103,39.56,0.8818,48.61,-0.3914,-0.1182,-17.1137,down,0.5395,-0.4605,0,-0.3423
2026-04-23,波动压缩,0.1354,1,3.2584,37.61,0.6409,22.91,-1.1701,-0.3591,-4.4195,down,0.3423,-0.6577,0,-0.2986
2026-04-23,波动压缩,0.1354,3,3.2584,37.61,0.6409,22.91,-1.1701,-0.3591,-6.2305,down,1.2469,0.2469,1,0.606
2026-04-23,波动压缩,0.1354,5,3.2584,37.61,0.6409,22.91,-1.1701,-0.3591,-5.7905,down,0.9484,-0.0516,0,0.3075
2026-04-23,波动压缩,0.1354,10,3.2584,37.61,0.6409,22.91,-1.1701,-0.3591,-15.1597,down,1.1274,0.1274,1,0.4865
2026-04-24,波动压缩,0.5147,1,3.1144,31.15,0.3423,2.82,-2.0483,-0.6577,-2.8673,down,0.4921,-0.5079,0,0.1498
2026-04-24,波动压缩,0.5147,3,3.1144,31.15,0.3423,2.82,-2.0483,-0.6577,-1.9862,down,0.7764,-0.2236,0,0.4341
2026-04-24,波动压缩,0.5147,5,3.1144,31.15,0.3423,2.82,-2.0483,-0.6577,-3.0921,down,0.7543,-0.2457,0,0.4119
2026-04-24,波动压缩,0.5147,10,3.1144,31.15,0.3423,2.82,-2.0483,-0.6577,-12.9086,down,0.9754,-0.0246,0,0.6331
2026-04-25,波动压缩,0.4482,1,3.0251,27.82,0.4921,10.81,-1.5365,-0.5079,1.0013,up,1.2469,0.2469,1,0.7548
2026-04-25,波动压缩,0.4482,3,3.0251,27.82,0.4921,10.81,-1.5365,-0.5079,1.4752,up,0.9484,-0.0516,0,0.4563
2026-04-25,波动压缩,0.4482,5,3.0251,27.82,0.4921,10.81,-1.5365,-0.5079,0.736,up,1.2131,0.2131,1,0.721
2026-04-25,波动压缩,0.4482,10,3.0251,27.82,0.4921,10.81,-1.5365,-0.5079,-12.0498,down,0.9899,-0.0101,0,0.4978
2026-04-26,波动启动,0.303,1,3.0554,28.58,1.2469,77.23,0.7544,0.2469,-0.0932,down,0.7764,-0.2236,0,-0.4705
2026-04-26,波动启动,0.303,3,3.0554,28.58,1.2469,77.23,0.7544,0.2469,-1.2205,down,0.7543,-0.2457,0,-0.4926
2026-04-26,波动启动,0.303,5,3.0554,28.58,1.2469,77.23,0.7544,0.2469,-6.9603,down,0.4168,-0.5832,0,-0.8301
2026-04-26,波动启动,0.303,10,3.0554,28.58,1.2469,77.23,0.7544,0.2469,-12.9779,down,1.0193,0.0193,1,-0.2276
2026-04-27,波动压缩,0.0592,1,3.0526,28.47,0.7764,37.39,-0.6824,-0.2236,0.5629,up,0.9484,-0.0516,0,0.1719
2026-04-27,波动压缩,0.0592,3,3.0526,28.47,0.7764,37.39,-0.6824,-0.2236,-0.1696,down,1.2131,0.2131,1,0.4367
2026-04-27,波动压缩,0.0592,5,3.0526,28.47,0.7764,37.39,-0.6824,-0.2236,-10.1148,down,0.5395,-0.4605,0,-0.237
2026-04-27,波动压缩,0.0592,10,3.0526,28.47,0.7764,37.39,-0.6824,-0.2236,-13.1935,down,0.6622,-0.3378,0,-0.1143
2026-04-28,常态波动,0.7385,1,3.0698,29.22,0.9484,55.37,-0.1585,-0.0516,-1.6818,down,0.7543,-0.2457,0,-0.1941
2026-04-28,常态波动,0.7385,3,3.0698,29.22,0.9484,55.37,-0.1585,-0.0516,-7.3948,down,0.4168,-0.5832,0,-0.5316
2026-04-28,常态波动,0.7385,5,3.0698,29.22,0.9484,55.37,-0.1585,-0.0516,-9.945,down,1.1274,0.1274,1,0.179
2026-04-28,常态波动,0.7385,10,3.0698,29.22,0.9484,55.37,-0.1585,-0.0516,-17.362,down,0.4642,-0.5358,0,-0.4842
2026-04-29,波动压缩,0.1053,1,3.0181,27.64,0.7543,34.99,-0.7416,-0.2457,0.9697,up,1.2131,0.2131,1,0.4588
2026-04-29,波动压缩,0.1053,3,3.0181,27.64,0.7543,34.99,-0.7416,-0.2457,-9.089,down,0.5395,-0.4605,0,-0.2148
2026-04-29,波动压缩,0.1053,5,3.0181,27.64,0.7543,34.99,-0.7416,-0.2457,-10.1297,down,0.9754,-0.0246,0,0.2212
2026-04-29,波动压缩,0.1053,10,3.0181,27.64,0.7543,34.99,-0.7416,-0.2457,-19.3784,down,0.5086,-0.4914,0,-0.2457
2026-04-30,波动启动,0.2675,1,3.0474,28.39,1.2131,74.98,0.6495,0.2131,-6.7152,down,0.4168,-0.5832,0,-0.7963
2026-04-30,波动启动,0.2675,3,3.0474,28.39,1.2131,74.98,0.6495,0.2131,-9.2842,down,1.1274,0.1274,1,-0.0858
2026-04-30,波动启动,0.2675,5,3.0474,28.39,1.2131,74.98,0.6495,0.2131,-12.6923,down,0.9899,-0.0101,0,-0.2232
2026-04-30,波动启动,0.2675,10,3.0474,28.39,1.2131,74.98,0.6495,0.2131,-20.2259,down,1.1303,0.1303,1,-0.0828
2026-05-01,波动压缩,0.6077,1,2.8428,21.37,0.4168,6.09,-1.6579,-0.5832,-3.4805,down,0.5395,-0.4605,0,0.1227
2026-05-01,波动压缩,0.6077,3,2.8428,21.37,0.4168,6.09,-1.6579,-0.5832,-4.5855,down,0.9754,-0.0246,0,0.5587
2026-05-01,波动压缩,0.6077,5,2.8428,21.37,0.4168,6.09,-1.6579,-0.5832,-6.4679,down,1.0193,0.0193,1,0.6025
2026-05-01,波动压缩,0.6077,10,2.8428,21.37,0.4168,6.09,-1.6579,-0.5832,-14.5566,down,0.9938,-0.0062,0,0.577
2026-05-02,波动压缩,0.5526,1,2.7438,17.04,0.5395,14.28,-1.2636,-0.4605,0.7529,up,1.1274,0.1274,1,0.5879
2026-05-02,波动压缩,0.5526,3,2.7438,17.04,0.5395,14.28,-1.2636,-0.4605,-3.0324,down,0.9899,-0.0101,0,0.4504
2026-05-02,波动压缩,0.5526,5,2.7438,17.04,0.5395,14.28,-1.2636,-0.4605,-3.4252,down,0.6622,-0.3378,0,0.1227
2026-05-02,波动压缩,0.5526,10,2.7438,17.04,0.5395,14.28,-1.2636,-0.4605,-8.3657,down,1.2662,0.2662,1,0.7267
2026-05-03,波动启动,0.2967,1,2.7645,18.23,1.1274,69.96,0.3521,0.1274,-1.8835,down,0.9754,-0.0246,0,-0.1519
2026-05-03,波动启动,0.2967,3,2.7645,18.23,1.1274,69.96,0.3521,0.1274,-3.8192,down,1.0193,0.0193,1,-0.1081
2026-05-03,波动启动,0.2967,5,2.7645,18.23,1.1274,69.96,0.3521,0.1274,-8.236,down,0.4642,-0.5358,0,-0.6632
2026-05-03,波动启动,0.2967,10,2.7645,18.23,1.1274,69.96,0.3521,0.1274,-5.542,down,1.2467,0.2467,1,0.1193
2026-05-04,波动启动,0.1073,1,2.7124,16.06,0.9754,57.15,-0.0666,-0.0246,-1.9094,down,0.9899,-0.0101,0,0.0145
2026-05-04,波动启动,0.1073,3,2.7124,16.06,0.9754,57.15,-0.0666,-0.0246,-2.3068,down,0.6622,-0.3378,0,-0.3133
2026-05-04,波动启动,0.1073,5,2.7124,16.06,0.9754,57.15,-0.0666,-0.0246,-10.2912,down,0.5086,-0.4914,0,-0.4669
2026-05-04,波动启动,0.1073,10,2.7124,16.06,0.9754,57.15,-0.0666,-0.0246,-2.2297,down,1.584,0.584,1,0.6086
2026-05-05,波动启动,0.1425,1,2.6606,14.5,0.9899,58.22,-0.0269,-0.0101,-0.0646,down,1.0193,0.0193,1,0.0294
2026-05-05,波动启动,0.1425,3,2.6606,14.5,0.9899,58.22,-0.0269,-0.0101,-4.6539,down,0.4642,-0.5358,0,-0.5257
2026-05-05,波动启动,0.1425,5,2.6606,14.5,0.9899,58.22,-0.0269,-0.0101,-8.6288,down,1.1303,0.1303,1,0.1404
2026-05-05,波动启动,0.1425,10,2.6606,14.5,0.9899,58.22,-0.0269,-0.0101,1.5886,up,0.9025,-0.0975,0,-0.0874
2026-05-06,波动启动,0.1963,1,2.6589,14.49,1.0193,61.44,0.0513,0.0193,-0.3407,down,0.6622,-0.3378,0,-0.3571
2026-05-06,波动启动,0.1963,3,2.6589,14.49,1.0193,61.44,0.0513,0.0193,-8.4857,down,0.5086,-0.4914,0,-0.5107
2026-05-06,波动启动,0.1963,5,2.6589,14.49,1.0193,61.44,0.0513,0.0193,-8.6481,down,0.9938,-0.0062,0,-0.0255
2026-05-06,波动启动,0.1963,10,2.6589,14.49,1.0193,61.44,0.0513,0.0193,-1.4115,down,0.4386,-0.5614,0,-0.5807
2026-05-07,波动压缩,0.4416,1,2.6498,14.22,0.6622,24.87,-0.8952,-0.3378,-4.2661,down,0.4642,-0.5358,0,-0.198
2026-05-07,波动压缩,0.4416,3,2.6498,14.22,0.6622,24.87,-0.8952,-0.3378,-8.2571,down,1.1303,0.1303,1,0.4682
2026-05-07,波动压缩,0.4416,5,2.6498,14.22,0.6622,24.87,-0.8952,-0.3378,-5.1158,down,1.2662,0.2662,1,0.604
2026-05-07,波动压缩,0.4416,10,2.6498,14.22,0.6622,24.87,-0.8952,-0.3378,0.4917,up,1.1704,0.1704,1,0.5082
2026-05-08,波动压缩,0.7106,1,2.5368,10.94,0.4642,9.31,-1.3593,-0.5358,-4.0809,down,0.5086,-0.4914,0,0.0444
2026-05-08,波动压缩,0.7106,3,2.5368,10.94,0.4642,9.31,-1.3593,-0.5358,-4.2511,down,0.9938,-0.0062,0,0.5296
2026-05-08,波动压缩,0.7106,5,2.5368,10.94,0.4642,9.31,-1.3593,-0.5358,2.9359,up,1.2467,0.2467,1,0.7825
2026-05-08,波动压缩,0.7106,10,2.5368,10.94,0.4642,9.31,-1.3593,-0.5358,4.2162,up,0.6284,-0.3716,0,0.1642
2026-05-09,波动压缩,0.7194,1,2.4333,7.42,0.5086,12.22,-1.1958,-0.4914,-0.0917,down,1.1303,0.1303,1,0.6218
2026-05-09,波动压缩,0.7194,3,2.4333,7.42,0.5086,12.22,-1.1958,-0.4914,3.3292,up,1.2662,0.2662,1,0.7576
2026-05-09,波动压缩,0.7194,5,2.4333,7.42,0.5086,12.22,-1.1958,-0.4914,8.9863,up,1.584,0.584,1,1.0755
2026-05-09,波动压缩,0.7194,10,2.4333,7.42,0.5086,12.22,-1.1958,-0.4914,6.3001,up,0.7325,-0.2675,0,0.2239
2026-05-10,波动启动,0.4199,1,2.431,7.41,1.1303,70.14,0.3169,0.1303,-0.0858,down,0.9938,-0.0062,0,-0.1366
2026-05-10,波动启动,0.4199,3,2.431,7.41,1.1303,70.14,0.3169,0.1303,7.4138,up,1.2467,0.2467,1,0.1163
2026-05-10,波动启动,0.4199,5,2.431,7.41,1.1303,70.14,0.3169,0.1303,11.1823,up,0.9025,-0.0975,0,-0.2278
2026-05-10,波动启动,0.4199,10,2.431,7.41,1.1303,70.14,0.3169,0.1303,3.2069,up,0.7584,-0.2416,0,-0.3719
2026-05-11,波动启动,0.2292,1,2.429,7.41,0.9938,58.69,-0.0151,-0.0062,3.5129,up,1.2662,0.2662,1,0.2724
2026-05-11,波动启动,0.2292,3,2.429,7.41,0.9938,58.69,-0.0151,-0.0062,9.18,up,1.584,0.584,1,0.5903
2026-05-11,波动启动,0.2292,5,2.429,7.41,0.9938,58.69,-0.0151,-0.0062,7.9217,up,0.4386,-0.5614,0,-0.5552
2026-05-11,波动启动,0.2292,10,2.429,7.41,0.9938,58.69,-0.0151,-0.0062,1.9729,up,0.7971,-0.2029,0,-0.1966
2026-05-12,波动启动,0.5255,1,2.5143,10.31,1.2662,78.4,0.6693,0.2662,3.8576,up,1.2467,0.2467,1,-0.0195
2026-05-12,波动启动,0.5255,3,2.5143,10.31,1.2662,78.4,0.6693,0.2662,7.5014,up,0.9025,-0.0975,0,-0.3637
2026-05-12,波动启动,0.5255,5,2.5143,10.31,1.2662,78.4,0.6693,0.2662,5.9098,up,1.1704,0.1704,1,-0.0958
2026-05-12,波动启动,0.5255,10,2.5143,10.31,1.2662,78.4,0.6693,0.2662,2.7223,up,1.4583,0.4583,1,0.1921
2026-05-13,波动启动,0.4722,1,2.6113,13.46,1.2467,77.31,0.6442,0.2467,1.5571,up,1.584,0.584,1,0.3374
2026-05-13,波动启动,0.4722,3,2.6113,13.46,1.2467,77.31,0.6442,0.2467,0.3867,up,0.4386,-0.5614,0,-0.8081
2026-05-13,波动启动,0.4722,5,2.6113,13.46,1.2467,77.31,0.6442,0.2467,1.2438,up,0.6284,-0.3716,0,-0.6183
2026-05-13,波动启动,0.4722,10,2.6113,13.46,1.2467,77.31,0.6442,0.2467,1.3828,up,1.102,0.102,1,-0.1447
2026-05-14,波动启动,0.6568,1,2.6519,14.82,1.584,89.28,1.5489,0.584,1.9214,up,0.9025,-0.0975,0,-0.6815
2026-05-14,波动启动,0.6568,3,2.6519,14.82,1.584,89.28,1.5489,0.584,0.4125,up,1.1704,0.1704,1,-0.4137
2026-05-14,波动启动,0.6568,5,2.6519,14.82,1.584,89.28,1.5489,0.584,-2.4647,down,0.7325,-0.2675,0,-0.8516
2026-05-14,波动启动,0.6568,10,2.6519,14.82,1.584,89.28,1.5489,0.584,-1.9,down,0.9196,-0.0804,0,-0.6645
2026-05-15,常态波动,0.6578,1,2.7029,16.68,0.9025,50.9,-0.2635,-0.0975,-3.0159,down,0.4386,-0.5614,0,-0.464
2026-05-15,常态波动,0.6578,3,2.7029,16.68,0.9025,50.9,-0.2635,-0.0975,-2.1878,down,0.6284,-0.3716,0,-0.2742
2026-05-15,常态波动,0.6578,5,2.7029,16.68,0.9025,50.9,-0.2635,-0.0975,-7.1733,down,0.7584,-0.2416,0,-0.1441
2026-05-15,常态波动,0.6578,10,2.7029,16.68,0.9025,50.9,-0.2635,-0.0975,-5.8101,down,0.9298,-0.0702,0,0.0273
2026-05-16,波动压缩,0.7016,1,2.6214,13.94,0.4386,6.95,-1.4718,-0.5614,1.5831,up,1.1704,0.1704,1,0.7318
2026-05-16,波动压缩,0.7016,3,2.6214,13.94,0.4386,6.95,-1.4718,-0.5614,-1.3276,down,0.7325,-0.2675,0,0.2939
2026-05-16,波动压缩,0.7016,5,2.6214,13.94,0.4386,6.95,-1.4718,-0.5614,-5.5122,down,0.7971,-0.2029,0,0.3586
2026-05-16,波动压缩,0.7016,10,2.6214,13.94,0.4386,6.95,-1.4718,-0.5614,-1.4473,down,1.002,0.002,1,0.5634
2026-05-17,波动启动,0.3756,1,2.6629,15.37,1.1704,72.79,0.4537,0.1704,-0.7179,down,0.6284,-0.3716,0,-0.542
2026-05-17,波动启动,0.3756,3,2.6629,15.37,1.1704,72.79,0.4537,0.1704,-5.7783,down,0.7584,-0.2416,0,-0.4119
2026-05-17,波动启动,0.3756,5,2.6629,15.37,1.1704,72.79,0.4537,0.1704,-3.0097,down,1.4583,0.4583,1,0.288
2026-05-17,波动启动,0.3756,10,2.6629,15.37,1.1704,72.79,0.4537,0.1704,1.5817,up,1.39,0.39,1,0.2197
2026-05-18,波动压缩,0.4796,1,2.6437,14.43,0.6284,22,-0.9825,-0.3716,-2.1629,down,0.7325,-0.2675,0,0.1041
2026-05-18,波动压缩,0.4796,3,2.6437,14.43,0.6284,22,-0.9825,-0.3716,-6.3121,down,0.7971,-0.2029,0,0.1688
2026-05-18,波动压缩,0.4796,5,2.6437,14.43,0.6284,22,-0.9825,-0.3716,0.1373,up,1.102,0.102,1,0.4737
2026-05-18,波动压缩,0.4796,10,2.6437,14.43,0.6284,22,-0.9825,-0.3716,4.5167,up,0.8549,-0.1451,0,0.2266
2026-05-19,波动压缩,0.3513,1,2.5866,12.71,0.7325,32.7,-0.692,-0.2675,-2.9989,down,0.7584,-0.2416,0,0.026
2026-05-19,波动压缩,0.3513,3,2.5866,12.71,0.7325,32.7,-0.692,-0.2675,-0.1486,down,1.4583,0.4583,1,0.7259
2026-05-19,波动压缩,0.3513,5,2.5866,12.71,0.7325,32.7,-0.692,-0.2675,0.5789,up,0.9196,-0.0804,0,0.1871
2026-05-19,波动压缩,0.3513,10,2.5866,12.71,0.7325,32.7,-0.692,-0.2675,2.3976,up,0.5969,-0.4031,0,-0.1355
2026-05-20,波动压缩,0.3482,1,2.509,10.15,0.7584,35.47,-0.6061,-0.2416,-1.2804,down,0.7971,-0.2029,0,0.0387
2026-05-20,波动压缩,0.3482,3,2.509,10.15,0.7584,35.47,-0.6061,-0.2416,5.5154,up,1.102,0.102,1,0.3436
2026-05-20,波动压缩,0.3482,5,2.509,10.15,0.7584,35.47,-0.6061,-0.2416,1.4686,up,0.9298,-0.0702,0,0.1714
2026-05-21,波动压缩,0.3003,1,2.4769,9.04,0.7971,39.94,-0.5025,-0.2029,4.2736,up,1.4583,0.4583,1,0.6612
2026-05-21,波动压缩,0.3003,3,2.4769,9.04,0.7971,39.94,-0.5025,-0.2029,5.0333,up,0.9196,-0.0804,0,0.1224
2026-05-21,波动压缩,0.3003,5,2.4769,9.04,0.7971,39.94,-0.5025,-0.2029,4.302,up,1.002,0.002,1,0.2049
2026-05-22,波动启动,0.6181,1,2.5827,12.68,1.4583,85.54,1.1837,0.4583,2.5034,up,1.102,0.102,1,-0.3563
2026-05-22,波动启动,0.6181,3,2.5827,12.68,1.4583,85.54,1.1837,0.4583,-1.4279,down,0.9298,-0.0702,0,-0.5285
2026-05-22,波动启动,0.6181,5,2.5827,12.68,1.4583,85.54,1.1837,0.4583,4.7339,up,1.39,0.39,1,-0.0683
2026-05-23,波动启动,0.3048,1,2.6474,14.96,1.102,68.26,0.2701,0.102,-1.7315,down,0.9196,-0.0804,0,-0.1825
2026-05-23,波动启动,0.3048,3,2.6474,14.96,1.102,68.26,0.2701,0.102,-2.4157,down,1.002,0.002,1,-0.1
2026-05-23,波动启动,0.3048,5,2.6474,14.96,1.102,68.26,0.2701,0.102,4.3734,up,0.8549,-0.1451,0,-0.2471
2026-05-24,波动压缩,0.0589,1,2.6015,13.42,0.9196,52.46,-0.2092,-0.0804,-2.1409,down,0.9298,-0.0702,0,0.0102
2026-05-24,波动压缩,0.0589,3,2.6015,13.42,0.9196,52.46,-0.2092,-0.0804,3.9763,up,1.39,0.39,1,0.4705
2026-05-24,波动压缩,0.0589,5,2.6015,13.42,0.9196,52.46,-0.2092,-0.0804,1.8082,up,0.5969,-0.4031,0,-0.3227
2026-05-25,波动启动,0.0917,1,2.5458,11.89,0.9298,53.43,-0.1787,-0.0702,1.4763,up,1.002,0.002,1,0.0722
2026-05-25,波动启动,0.0917,3,2.5458,11.89,0.9298,53.43,-0.1787,-0.0702,8.5361,up,0.8549,-0.1451,0,-0.0749
2026-05-26,波动启动,0.1812,1,2.5834,12.89,1.002,59.47,0.0051,0.002,4.7053,up,1.39,0.39,1,0.388
2026-05-26,波动启动,0.1812,3,2.5834,12.89,1.002,59.47,0.0051,0.002,2.522,up,0.5969,-0.4031,0,-0.4051
2026-05-27,波动启动,0.5263,1,2.705,17.61,1.39,83.32,1.0551,0.39,2.1506,up,0.8549,-0.1451,0,-0.5351
2026-05-28,波动压缩,0.0633,1,2.7632,19.79,0.8549,45.78,-0.4008,-0.1451,-4.1466,down,0.5969,-0.4031,0,-0.258
